distance,traffic_level,weather,route_risk,driver_fatigue,eta_minutes
156.07064635047138,0,0,0,0,158.35599329986198
380.7785794998673,0,1,0,0,426.39332518600594
295.477637306448,2,1,1,0,410.449791980053
243.47680883684427,0,0,0,1,266.2200775752001
70.84726977255025,0,0,0,0,86.18900510259031
70.83786293111903,1,0,2,0,131.70870632548719
32.65260874559779,0,0,0,0,36.30578535402652
347.8086968522247,1,0,0,0,402.2006855524729
244.43485457985145,0,1,0,0,292.83898770455136
286.14830534045774,0,0,0,0,318.4270667463518
18.027952775362955,0,0,1,0,37.3472923884206
388.2648423431778,0,0,1,0,443.0799590398188
334.65262991216446,2,1,2,0,463.3788789084524
92.8122531645277,0,0,0,0,105.5873547802117
80.91173721076925,1,1,0,0,130.5643274806851
81.52775884283919,0,0,1,0,103.95722626039651
128.6544747542197,0,1,0,0,158.15318610058205
214.65500833657276,2,1,0,0,300.51135168898037
178.45855727042516,0,0,0,0,189.16916809505312
123.57936467723634,1,0,0,1,173.555373206038
248.62262894172798,2,0,0,0,331.70953342075643
64.40260565429631,1,0,1,0,119.62620375986154
123.93641292873508,2,1,1,0,210.15083687105658
152.88111888453977,0,1,0,0,197.0930268307529
187.86729384464402,0,1,0,0,222.40087072666822
316.2186249432753,0,1,0,0,369.771636786556
87.87277504176029,1,0,1,0,128.6114864800881
210.55143098130853,2,0,0,0,280.8283094724195
241.04168185619656,0,1,1,0,300.46434748811697
28.11566096079911,1,0,0,0,43.794791803696356
246.94249224156096,0,1,0,0,294.25794704882003
76.5044082380437,1,0,0,0,119.22683450420874
35.37012126425901,0,0,1,0,52.18840326828408
380.06535952879995,2,2,0,0,515.4981008962241
386.59649289907816,1,0,0,0,445.2240806695569
325.27496576541984,0,2,0,0,401.64209344701277
128.79936997761456,0,2,1,0,177.75984388433434
48.09212446248971,0,1,1,1,116.81435801176922
276.8508803397412,0,1,0,0,333.9828081507522
181.65947255844452,0,0,1,1,220.89696602972822
57.59491158946374,2,1,0,1,127.05410042990081
203.11899494339536,1,0,0,0,248.88858506651158
23.411523234935174,1,0,0,0,38.98843915243013
364.634956810725,0,1,0,0,421.34241754852354
110.9241928240066,2,0,1,0,189.300736106776
268.383690898053,1,0,1,0,325.25098290040523
131.56731967487028,0,0,0,0,152.4957212887735
212.82652825934622,1,0,0,0,263.61899208719075
223.21700894387905,1,1,1,1,321.31605100072204
82.09323765495554,0,0,2,0,119.62712088930266
388.1380048281778,0,2,0,0,452.09908545906615
312.3018011108347,0,1,2,0,398.51585211678145
376.40458721003375,0,1,0,1,438.46021485422324
358.982666666783,2,0,0,0,430.4992134000401
243.1809917363232,1,1,1,0,336.1046695492381
369.53095165901556,1,0,0,0,444.919934701128
44.5120758002486,0,1,0,0,68.22864311389212
86.43331634346663,0,0,0,0,111.56385979333538
27.638642675109846,1,1,1,0,90.88176438355609
136.8788289976731,1,2,1,0,226.2787116732217
161.58414297889797,0,0,0,0,171.22994288895035
115.82612239181941,1,0,0,0,164.45242914592677
333.20762856925245,1,1,0,1,412.258080115355
149.13379741049982,0,0,0,0,168.5735698367088
119.5644587780785,0,1,0,1,155.96064435015742
221.6514724317169,1,0,1,0,278.1191521885508
64.96044774015743,0,0,0,0,79.1079405410192
322.85682249407546,0,2,0,0,389.1671479504948
39.07475103511062,0,1,0,0,59.38863809384924
394.8859052742017,0,1,0,0,459.84706151289123
311.1754600256964,1,0,2,0,407.2433165556236
87.49911579832724,1,1,0,0,145.6110992971763
12.153625678204936,0,0,0,0,10.0
328.0299570973853,2,1,0,0,423.765994293676
285.6743641005707,2,1,0,0,382.2840829469065
294.31279553598506,2,0,0,0,373.63594471647986
310.79543520751884,0,0,0,0,331.1466383998114
38.87741417629524,0,0,0,0,48.19602807259736
149.80163413226632,2,1,0,0,234.1040711450437
55.188933214800585,1,0,0,0,71.48044241249562
346.6103360914815,0,1,0,0,390.6889547855667
253.0862694627476,0,0,2,0,302.06108275196584
139.05022969253318,0,1,0,0,171.1082981538532
34.78775661154921,2,1,0,0,123.06451030390384
131.28310546910825,1,0,0,0,170.1233036881442
136.82149559043137,0,0,0,0,142.53363825219068
294.546409551845,0,0,1,1,348.0884023091973
258.6474138285331,1,1,0,0,324.34411310604145
356.01296960476736,1,1,1,0,450.9758509396509
194.1638208131602,0,0,0,1,226.45961874700515
56.641755915937665,1,1,0,1,126.46485163154169
288.165467016968,2,0,1,0,379.168035689514
306.70616896059,0,0,0,0,347.70023217780596
228.89810705210354,1,2,0,1,331.9712071753116
310.6772001822788,0,0,0,0,333.2610656585339
202.5802825821124,1,0,1,1,288.6755172337467
213.8658034589777,1,0,0,0,260.92410533413647
176.74099715983436,1,0,1,0,226.12736450622324
19.913459430197122,1,0,0,0,59.94707833369478
52.07765652738873,0,0,1,0,88.43420962055708
22.257382417826356,2,1,0,0,94.01657870969045
258.2000603928743,1,0,1,1,327.64359107285816
132.5988326197674,0,0,0,0,143.27427228920786
208.34256955423407,1,0,2,0,288.0006569702151
363.9509248311763,1,0,0,0,432.2602257833455
107.22396936806123,0,1,0,0,141.5355015938845
170.0493399838956,2,2,0,0,276.3221565592966
304.664944031789,2,0,0,0,394.3458512880234
99.23128454173276,0,1,0,0,125.74961862475084
40.02216483322927,2,0,2,0,131.9078981613672
123.00306663636952,0,0,2,0,161.88066121650198
72.87630202906172,0,0,0,0,82.9496040594272
372.58208441360347,0,0,2,1,445.5446824783347
325.1669480301226,2,0,0,0,404.28076220800216
257.0274650390652,1,1,0,0,322.37450608473705
349.8696301732099,0,0,1,0,407.4347924384018
323.4321099906546,0,2,0,0,386.97162077584585
82.76232296555398,1,0,2,0,139.36431248748738
358.0980094110913,0,0,0,0,407.6203224297696
220.34347434710378,2,1,0,0,318.1974798049842
324.9016605139844,1,0,0,0,360.3572655166205
359.47560697016235,1,0,0,0,412.63313769013024
134.02135523902692,2,1,0,0,201.70920010571476
52.920250565793935,0,2,2,0,120.12565688808952
98.89471339135726,2,1,1,0,167.77702455160832
176.57203756423996,1,1,1,0,251.52812435761933
329.02575870977233,1,1,0,0,394.8016567664612
345.68492746997396,0,2,0,1,427.59007202161587
12.711330907164374,2,0,0,1,60.865936373119126
209.19144800525063,0,0,0,0,228.87214719474065
172.79029122802382,0,0,0,0,185.17916929651793
96.62204608358479,0,0,1,0,132.42149217632854
56.747493260136295,1,1,0,1,128.19721117775003
141.6699168474149,1,1,0,0,205.83176502126213
377.73478452588245,1,0,0,0,434.46140014658204
136.04914348809456,2,0,0,0,214.30029060364004
212.32834247991278,0,1,0,0,239.20663684627718
284.17739396911935,1,0,2,1,363.7832334752573
151.81554492792466,0,1,0,0,184.94669330407802
388.9950122611747,2,0,1,0,507.3905000653777
385.35444502742337,1,0,0,0,443.76795604768296
108.19509537189202,1,0,0,0,141.56505118729885
203.92691729803033,1,0,0,0,235.93044511259316
127.34254082854017,0,1,1,0,181.48657213147956
121.08779280721237,0,2,1,1,204.72118400613923
24.38590946826779,1,1,0,0,77.91541194021869
247.73009025215975,0,0,0,0,265.2172421650318
206.04481905925599,0,0,0,1,229.12251209947704
30.076712987495846,0,1,0,0,42.465981619482974
118.67212105227846,1,1,2,0,205.13147570748214
364.22369552699496,0,0,0,0,388.6916819406756
103.42913736011924,0,0,0,0,103.41245416904486
66.50900011557701,1,1,0,0,114.16574711807132
200.8865765082496,1,0,0,1,250.23574315298038
394.40367710313427,0,0,0,0,425.9547286092072
104.40155588948517,0,0,0,0,117.624163199615
272.1328634882926,0,0,1,0,312.50459713170324
307.0316499781999,0,1,1,0,367.6383699139473
102.67864215703587,0,2,0,0,153.47716759780369
294.00437595862525,1,0,1,0,352.7998301714814
153.43542176050875,1,0,0,1,203.22632545728698
256.599273931496,1,0,0,0,306.13130059529817
257.07658719674896,0,0,0,0,268.4228111579572
218.9521267891558,1,0,0,0,271.8224156231329
45.21301032121924,0,1,0,0,62.271814344968654
335.7679732798028,2,0,0,0,417.0148128807091
135.10422533897696,1,0,0,0,181.7017215668025
82.74221905594315,0,0,2,0,127.66965303183075
25.902305206357926,1,0,0,0,53.53172733366842
240.44824784341432,0,0,0,0,259.40718744248636
274.25010111849014,1,0,0,0,331.76202376150286
16.4692532818639,0,2,0,0,63.36401794813867
209.7162927367196,0,0,0,0,223.83449009788652
98.3333523271958,2,0,1,0,165.913598817291
261.6173882596854,0,1,0,0,288.8219457388161
78.00290731194666,1,2,0,0,151.3263354374105
279.4657178599617,0,0,0,0,304.21011025072016
160.82678505720958,1,1,0,0,229.5369328777326
375.3246956073265,1,0,0,0,437.31756322856273
63.63316821693737,1,0,0,0,105.09183524458594
143.01587690960082,0,0,0,0,150.4384064416897
54.25467328382974,0,1,0,0,88.29211895737339
370.6305111286395,0,1,0,0,420.0928629256786
352.1623478185826,0,0,2,1,430.3978752055192
110.59723480891068,1,0,0,0,133.98146174220247
267.39377795332985,2,1,1,0,378.5833856167439
328.71665807847415,2,0,1,0,407.72248709949537
226.5283165237903,1,0,0,1,279.9846999566009
216.56372555884252,1,1,0,0,284.774168924306
104.32239345117615,1,1,0,0,154.63849899143432
46.31007944430069,0,1,0,1,72.11658563646212
359.91414560179743,2,1,0,0,469.4025611381465
361.1630422936989,1,0,1,0,433.1683438198052
256.90956833657447,1,1,2,0,351.34841846365407
142.22161850899326,0,1,0,0,175.48602392449956
146.19173409893776,0,0,0,0,180.57524487986046
293.1227147593934,0,0,0,0,328.99825708122694
359.87300138150505,2,0,1,0,466.8893181253264
355.96370546339574,1,0,0,0,416.80841287564334
314.1514628844733,0,1,0,0,364.04256896367895
260.3923420001722,2,1,1,0,349.8957147844536
42.81458634806904,0,0,0,0,41.27497869891572
73.03519849689937,0,0,2,1,115.8301666909977
360.43613352556093,0,2,0,0,418.2039182427771
246.50733326724009,1,0,0,0,284.65776451526574
13.586850130485562,2,0,2,0,78.97532655678499
49.57390171775252,0,0,0,0,53.77402937015104
268.76568995214177,2,0,0,0,349.74906226003606
11.974017700025287,0,0,0,0,21.91676091265858
72.71514005282447,2,0,0,0,132.64388302698788
224.0061778529686,1,0,0,0,261.66320511001356
279.8391271001504,1,0,0,0,314.82252647745895
264.2648912060142,0,0,0,0,274.2340226295308
97.46503068961832,2,0,0,0,146.1736274070022
287.749896325539,1,1,1,0,366.7981002253935
102.52714412375202,0,1,1,0,145.569805605615
136.90588228211442,1,0,0,0,166.2385578354727
301.1316479960294,0,0,0,0,331.2190595086509
263.3568306284137,2,1,0,0,355.4401726631465
341.19713009272937,0,0,0,0,372.2994167041784
266.46902799713394,1,0,1,1,349.81548950915214
231.64035530083393,1,1,1,0,303.2567155454886
46.53315945295606,0,1,0,0,74.11308330229102
153.40916319317907,0,1,0,1,197.24366492838678
113.42892339587293,0,0,0,0,121.0727534568311
105.15596091784259,0,1,0,0,141.79764429548322
389.4741163534538,0,0,0,0,431.9129674402238
163.30811262003655,1,1,2,0,245.5823783084961
357.8981565190742,0,0,1,0,403.9770678953994
256.14406413893255,0,0,0,0,281.6795816122353
319.9764083812429,1,1,0,0,391.881118795357
206.0284663110249,0,0,2,0,259.4384975430568
234.99251500428005,2,0,0,0,308.60500705704226
202.08190058935693,2,2,0,0,325.1134723839648
86.14476524123735,1,0,0,0,106.73387444845699
291.7563249519871,1,0,1,0,357.3001393023704
119.50122135193376,2,0,0,0,173.0969486554666
19.483226908267,0,1,0,0,46.08728899798544
261.7341954037954,0,1,1,0,307.59083804741243
79.07316496874908,0,0,1,0,104.03213619316172
376.7788478976366,1,1,2,0,480.99108298299865
382.03214503100907,0,0,0,0,410.88904510486
366.7971121859749,1,1,0,0,433.57031857455627
154.3618930996233,2,0,1,0,229.6741849027083
16.028080446258297,2,0,1,0,91.16118291097283
372.0442394092129,1,2,0,0,470.6649335236328
176.99181784375259,0,0,0,0,198.10342644527134
386.99537942703114,1,0,1,0,475.49391213249146
385.81179106480863,1,0,1,1,472.9956349310991
342.6736876322704,0,2,0,0,409.35544447688716
124.83506790713842,0,0,0,1,149.9217281656133
160.18811415475085,2,0,0,1,230.3963008164866
341.9433018915742,1,0,0,0,393.9936751426127
133.59958201094827,1,0,0,0,158.5858561604462
76.10217120757608,2,0,0,0,140.43061033693994
227.15249235875655,1,1,0,1,299.7146983316298
375.10036192270456,1,2,0,0,475.65718079129556
281.4516207032395,0,0,0,1,308.7504362474082
232.32385633485234,0,0,1,0,271.93178794847177
47.89883257059973,0,0,0,0,46.157741990119035
249.85281841267619,1,0,0,0,296.43304122203216
396.1210015406627,1,1,1,0,499.15460993063596
64.63276594224436,2,0,0,0,126.83454643485408
212.14856442185732,0,0,2,0,261.25855697098154
352.1754980519026,1,1,1,0,430.04640415860365
298.89976092413974,1,0,0,0,375.014951023183
281.8361389881545,1,1,2,0,396.4244779310809
283.96879275497264,1,0,0,0,340.5655361499857
150.20154897570453,0,1,0,0,177.8306049934953
124.50081926315241,1,2,0,0,199.9103382661869
325.6508506366203,0,1,0,0,370.90810998355545
325.9442239248805,0,2,2,0,435.6863645217316
348.1582042462404,0,0,0,0,381.9089732136224
366.1638154970238,1,0,0,0,418.1781242207837
209.42353555576574,2,1,0,0,294.69599799510985
205.59135492800783,1,0,0,0,258.2509832438405
321.3351197970423,1,0,0,0,388.348186189519
263.4859330033284,1,0,0,0,324.6658521478846
283.7670821305043,1,0,1,0,355.62034611734566
320.3591410800794,0,0,0,0,347.4617004096655
357.10208330885087,0,0,1,0,378.63379846156795
141.81811117209895,0,1,0,1,187.08794692366465
156.47735152957816,0,0,1,1,195.68793523424154
46.65295653793891,0,0,1,0,67.0139911755951
235.52925498850786,0,0,0,0,257.3721842182742
24.017486780729413,0,0,0,0,15.590797374293377
191.58322707165945,2,1,1,0,298.45915253298347
221.63140753595488,0,0,0,0,246.83744782420555
121.75108833003092,0,0,2,0,168.27807934378376
240.42497162191418,0,1,0,0,289.85440325249346
21.895097476229278,1,0,0,1,63.7179740425322
24.565793612193623,0,0,0,0,23.518812284627213
330.81421865726674,0,0,2,0,390.32154375187133
150.47435015039252,1,2,0,0,229.88283546572796
59.553599934235066,0,0,1,0,80.82915915747301
213.6748714213737,0,0,1,0,256.08560098018154
310.2974857084582,0,0,0,0,343.6556980697707
94.17020072376884,0,0,0,0,119.3498755788529
252.9272855694101,0,0,1,0,308.5724270057066
43.28551134756952,0,0,0,0,47.8577544946236
30.155871255757003,1,0,1,0,42.2040697095145
217.2283063115777,1,2,0,0,311.87099388710294
220.84769742794154,1,1,0,0,281.60175011858524
258.59766158430057,0,0,1,0,290.69466853549807
293.175620151838,2,1,0,0,386.6403870566357
390.5823109903885,0,0,0,0,422.51664943317974
211.35713583746616,0,0,0,0,235.46957939444258
135.9530244470859,1,1,0,0,180.83690407290212
320.1226159597944,0,1,0,0,360.6029059898066
115.62457799220894,0,1,1,0,163.88117169780725
181.19885407519808,1,0,0,0,227.65502941624982
40.597988723483724,2,2,0,0,139.42104813056125
19.886789932028428,0,0,0,0,15.398389694382802
385.43288172439077,1,1,0,0,457.64610941429635
336.0322469997603,2,2,0,0,452.5275544203442
281.4299403765422,0,0,2,0,338.93346242905113
169.49164832156526,0,1,1,1,241.7837989413425
77.58478482762985,0,0,0,0,68.2584495985211
71.01044664172356,0,0,0,1,85.70011173530422
107.59473028419218,0,0,0,0,106.7146418727353
224.19839923538697,2,0,0,0,281.3621304743215
288.6924098530243,1,2,0,0,387.67282754787595
267.4769769199152,1,1,0,0,341.1500623268113
119.17421980891771,0,0,0,0,133.60370791912467
382.3974594586457,1,1,0,0,469.52907158182506
297.7797975113497,2,2,0,0,411.0129370200706
226.19808047944628,1,0,2,0,298.30044221054584
248.57109103139737,0,2,0,1,338.65430787712313
173.64402434683805,1,0,0,1,222.45727630792854
106.61508590545141,0,1,0,0,142.18842334674338
148.829344673992,0,0,0,0,162.4103374266069
305.55998308110395,0,0,1,0,333.55209512057695
15.61346056560479,1,0,0,0,25.675834041158716
55.268329797697334,1,1,0,0,100.66084965615057
27.941030388483572,0,0,0,0,38.92993407352381
25.884232904398353,0,0,1,0,49.54367823970441
343.6296277642928,0,0,0,1,392.18130214756627
284.42656515820926,0,2,0,0,342.3871561956468
194.92779334405682,0,0,0,0,225.57548175085867
48.15532265389058,0,0,0,0,44.813932857298646
201.73019129556462,1,0,0,0,246.77189478452118
194.6539906044206,0,0,0,0,212.26698961283333
77.54872926490592,0,1,0,0,103.20762318101703
179.20214320280948,0,1,1,0,241.20198423670246
165.41684641497565,2,0,0,1,234.81385738228215
250.18153824036443,1,0,0,0,287.1284723983385
257.68652383838105,1,1,0,0,326.2725353497034
27.66856381109736,0,0,2,0,56.985273919632185
156.09891970432378,1,1,0,0,242.3087939391962
254.08536712855218,0,1,1,0,317.59609667903123
206.2231408462342,1,1,0,0,266.6959745032338
344.0310380634457,2,0,0,0,416.8576944248077
266.89051633138854,1,0,0,1,311.11098325878265
73.54442656175758,2,2,0,0,162.0285308360179
37.521811486167636,1,0,2,0,96.85241943171047
260.54351850046305,0,1,2,0,345.6479221223542
20.339411111232508,2,0,0,0,81.16196162408426
238.45247669665068,0,1,0,0,281.9627332313354
376.68979415573347,1,0,2,0,463.3489795715439
234.4349293715928,0,0,0,0,257.8976945293985
161.38627122054353,0,0,0,0,171.90864644253452
260.88240519251775,0,1,0,0,318.3458994488576
188.7186272916915,0,1,0,0,224.36134468619005
222.79054783321462,0,0,0,0,242.35353113389667
377.1712754228448,1,0,0,0,418.7329937883926
160.58002874230195,0,1,0,0,193.6147344012382
384.86431989132655,0,0,0,0,426.5438584397121
363.08675036286485,1,0,0,0,412.5528561431806
86.35854256782561,0,0,0,0,88.20355648895816
37.05090734131453,1,0,1,0,86.7608597869397
49.303420537196395,1,0,0,0,66.97229188879709
17.106512004104395,1,0,0,0,52.12405751935833
46.832754694812074,1,0,2,0,101.83312672750108
276.37264163237916,0,0,2,0,328.3888814713931
37.763572899489304,1,0,0,0,57.2055977402563
134.4004958145669,0,0,0,0,149.64309279022333
339.5013712780873,0,0,1,0,405.044108183603
19.07605493697209,1,1,1,0,87.06221966510915
327.64270820968494,0,0,2,0,380.5141268604956
119.92336216162597,1,0,1,0,179.91045067843288
56.08428277244594,1,0,0,0,83.64941756610338
281.72749449201876,2,0,0,0,368.33496475180453
255.28771024415477,2,0,0,0,334.9490951200292
352.21408527555064,0,0,0,1,370.6884150495541
296.67770708351543,0,1,0,0,335.61577066383114
323.35756285009097,1,0,0,0,385.3087867100551
119.99348330280952,0,2,0,1,182.11523996204323
79.2014220740919,1,0,1,0,118.21150377189198
302.73975313993475,1,0,0,0,350.1928327559783
324.665548314233,1,0,0,0,363.93070520026635
396.2970053802626,0,0,0,0,431.6170195691662
170.92089399545634,0,0,0,0,204.1446748940785
155.08705345918543,0,1,1,1,220.62534362678818
312.80105468937876,0,0,0,0,358.76085021610237
142.91338069867695,2,2,2,0,282.96468293505836
372.99535698539023,0,1,0,0,435.1238605490654
344.7809732187746,0,0,0,0,391.9173275588052
177.30767067625715,0,0,0,0,196.44465590338197
302.839716438684,1,0,0,1,363.87278117923654
304.2717208930261,1,0,1,1,390.1940465617318
50.21830884601372,0,0,0,0,66.41433154717187
361.995633605031,0,0,1,1,416.06461042742706
207.0484252546643,0,0,0,0,220.09845671000446
332.3184117820192,0,0,1,0,378.64002474892254
134.81934440193857,1,2,0,0,218.7276393739317
359.25405911351817,1,1,1,0,458.2982474222214
161.78865470632363,0,2,0,0,205.10337342357954
14.22668407731636,0,0,0,0,30.812867529942604
363.0989708035128,2,0,0,0,440.9786487141119
45.601803946592085,0,0,2,0,77.62690251208274
134.5323186602618,1,0,0,0,164.54129456765577
380.52416714981393,0,0,0,1,446.7039039418392
380.7367873056469,0,1,1,0,452.2857878775549
233.6407763680816,0,1,0,0,268.07304630154556
256.4165127462217,1,0,0,0,311.6384932137596
184.89375357154472,2,0,0,0,257.8553628579836
124.35220096224516,0,0,0,0,134.15513031562836
138.17917269426724,0,0,2,0,187.4657693687404
272.28219787004497,0,0,1,0,305.432789262493
303.4260664806952,0,0,0,0,327.0669081429826
318.71582705308094,0,0,2,0,361.60825991228705
317.951075689876,0,2,0,0,376.26411026065364
45.57038018898924,1,0,0,0,89.17418846971738
202.82391883400678,0,1,0,0,254.39388593160407
32.447916406491274,0,0,0,0,35.92403617809127
224.31626410625685,2,0,0,0,308.01210332979883
182.19689553561705,0,0,2,0,227.47965378235216
356.2046312757369,2,0,1,1,461.6395880620788
146.85685489531068,0,0,0,0,160.6595632553361
55.65613640676629,2,1,0,0,129.71641240842925
65.76675600060598,1,1,1,0,130.0239814121796
306.9891463698142,1,0,2,0,399.0444354424482
251.10504469334182,2,0,1,0,340.13386126074977
49.4378436878882,0,2,0,1,109.63204722953029
42.801654384849,2,0,1,1,129.94375807659938
283.3779612690568,0,0,0,0,312.2450804769362
38.377572482035475,0,0,0,0,34.104272100409155
330.5254231232389,0,1,0,0,369.75026175000284
285.4344685910335,1,2,0,0,377.5733017232223
41.72602445034091,0,0,0,0,44.14924896177242
43.08670849322485,1,1,0,0,92.7028134239699
394.78943561545844,1,1,0,0,475.55095199378417
155.96561034488693,1,0,1,0,230.81289147575464
154.55043735608746,1,0,0,0,182.95866707060108
326.991831230426,0,0,0,0,340.7987911837139
379.4269451797049,0,2,0,0,456.57931850056224
394.54041489091964,0,0,2,0,457.3963448988431
303.81749225098724,0,1,0,1,363.9658072316439
156.74123835705714,0,0,0,0,175.66150602233435
42.56527951248082,0,1,0,0,76.70768793868298
313.08729721170033,0,0,1,0,344.49197221332884
227.77765739696397,2,0,2,0,324.03097397746706
175.44658360632076,1,1,0,0,239.82636309612332
363.478210186947,0,1,0,0,422.68539260580366
53.367018099399026,1,1,2,1,160.76616160165148
202.12379067343508,0,0,0,0,228.1443125035674
14.427921459293437,0,1,0,0,35.28524191577535
192.77765037770925,1,0,0,0,228.17940529759608
31.958277515916567,0,0,0,1,40.349256650156825
56.33898734454805,0,0,0,0,56.719090883122846
55.8352362430709,2,0,0,1,126.15303583873289
263.19201782526477,2,0,0,1,349.1745444649755
300.9575029135151,1,2,2,0,412.7280793389154
237.51381838789226,1,0,0,0,280.618771943159
385.24729390507133,1,1,1,1,497.2901555967801
156.19952601424458,0,0,0,0,173.21278176442294
121.42771364992569,0,0,0,0,137.01575363711203
348.7536599938895,0,0,0,0,383.5219118556103
97.20237702258653,0,2,2,0,189.05040262878344
385.6567903818384,1,1,1,0,482.6048431089641
14.740245129028374,0,2,0,0,52.99208503051992
388.25274241597924,2,2,1,0,521.2224059429088
26.832365660724683,2,0,0,0,81.26854729555916
357.54581434224775,1,0,2,0,425.5243471642514
215.80343254365695,1,1,1,1,303.94761439660044
397.2562704865271,2,0,2,0,511.72375801502255
38.78066024680555,0,0,0,0,31.39040798575872
226.0031709165151,1,0,0,0,264.12278701785937
388.0279888914486,0,0,0,0,429.78052085003895
214.00815922635803,1,0,0,1,270.3091404213539
255.46546887275238,0,0,0,0,279.5039090762976
281.3419887040007,2,0,0,0,359.36931340309326
187.27101525943155,2,0,0,1,265.03667371388036
254.74765123278473,0,0,0,1,297.8494291204499
237.8825816500091,0,0,0,0,260.4957043445482
361.4516240914857,2,1,0,0,452.64515773470714
27.72408833316857,0,0,2,0,73.28549971881554
119.57564394096983,2,0,0,0,183.4088791651433
380.6604787898579,1,1,0,0,455.55194701530263
357.20287571745735,0,0,1,0,394.64865067268425
187.70613358642805,0,0,0,0,207.93764131649496
251.85171314259932,0,1,0,0,293.8099473884952
118.17866136264175,1,0,0,0,166.5153503202321
83.36725229226691,0,1,0,1,118.17883516441111
190.84237792659303,1,1,2,0,276.49263869336903
147.8073689301606,0,1,0,1,198.41077221515354
237.6258836218401,1,0,0,1,301.6304918201057
40.316508416344085,2,0,0,0,95.3308564859842
390.0139749898049,2,0,0,0,480.88064727936825
394.62219034704515,0,0,1,0,445.1954379581113
282.2830684677006,1,0,0,0,334.816086409202
219.07758287420694,1,0,0,0,273.3136538323735
130.7157703516678,1,0,0,0,172.60156887399143
327.38005768570997,2,0,0,1,415.78768560502266
277.0451572960129,0,0,0,0,313.04998105396874
73.4206063445076,0,0,1,0,76.17636393894892
365.26160195259854,2,1,1,0,499.883788621483
330.7895247400359,0,0,2,0,377.2136269572769
380.4219661838504,1,0,1,1,459.98903869329473
293.0306082714604,2,2,0,0,409.3424141963962
249.23192641495805,0,0,0,0,270.7175289050381
173.11478415334136,2,0,1,0,261.9037801238576
373.7641085080652,0,0,1,0,414.27997087809837
347.7649169051593,1,1,1,0,441.4660438909474
27.63528134141387,1,0,0,0,50.521882859420735
20.283120053928283,2,0,0,0,74.48816789353019
156.82071308243934,0,0,1,1,195.55896346609626
326.11579900491483,0,1,1,1,401.50617504500724
395.03769043282836,1,0,2,0,481.5508090851889
68.66258753037599,1,0,0,0,95.8241293414597
241.7109789873327,1,1,0,0,310.9828844620369
158.54743408609838,0,0,0,0,180.51056123088298
388.26661514769523,0,1,1,0,453.77734548753926
338.42638002292637,0,0,0,0,362.2422742138818
336.94819483734375,1,1,0,0,417.48753023884063
192.7903323200384,0,0,2,0,240.0566950228531
171.77960591168943,0,1,0,0,214.03991879373064
116.62875805297543,2,2,1,0,224.98499471445857
31.986443693861574,0,0,0,0,20.658790808097905
347.2417267394708,2,0,1,0,439.54512378844834
327.03139356073024,1,0,0,1,385.63069937394926
399.8898925815909,1,0,2,0,490.613211979275
398.6883664588231,0,0,2,0,459.8380016954621
226.61836518502471,0,0,0,0,253.14817035799126
309.9050919203991,1,0,0,0,360.7730799956007
378.4586346541469,1,0,0,0,439.0677610674424
341.3624823641905,1,0,0,0,398.6565117739172
106.46575967984708,0,1,1,1,162.70410584458523
185.71221277093647,1,0,0,0,227.4021083210182
60.37217190908304,1,0,0,1,104.94535669682764
382.0799006309017,1,0,0,0,435.44919598128627
246.40810743584322,1,0,1,0,320.0041878886964
99.17069414635046,1,0,2,0,161.2939127290704
271.96326691828415,1,0,0,0,311.19480717130233
251.07001377857938,0,0,0,0,275.3991473416571
149.6834600328078,0,1,0,0,176.4816034489377
54.287460957855316,0,0,0,0,64.5453609573677
271.9135462811918,0,1,0,0,334.30980418782104
212.9200033524794,0,1,0,0,245.9837905611511
311.2041727768993,0,1,0,0,362.15443987695477
212.86376543367743,0,2,0,1,268.17097212710195
342.35078512423064,0,0,0,0,377.1048256074188
225.24366712204937,1,0,0,0,263.63465373474725
228.76580889880066,2,1,0,0,314.5640236693976
351.89490503675455,0,0,1,0,390.07505903046814
167.35831782283483,2,0,1,0,253.42992016062135
62.265939095749886,1,1,0,0,120.98491387333144
21.225243762202197,0,1,0,0,43.34189309421591
304.5035297127114,0,2,1,0,380.27025513481755
251.9207250278512,1,2,2,0,382.5387934101231
284.5911095586972,1,1,0,0,349.45974758745064
93.05602298847519,1,0,0,1,119.21940304255341
63.184875478840205,0,1,0,0,92.59606714748223
15.672419610473952,0,0,0,1,18.258987640475812
146.7291479345728,0,0,0,0,167.97703173116372
240.0678978733069,0,1,0,0,278.84315065203833
162.9751775888956,0,0,0,1,192.6208087486033
180.61521958925434,0,0,0,1,218.24678777887655
362.6218908525619,1,0,0,0,410.91664637673813
145.81963213908713,2,1,0,0,224.54846528641036
210.4559007723262,0,0,0,0,228.98288680673573
315.62467496904577,2,1,0,0,426.61823779123375
164.65168510529537,0,0,0,0,174.35295837134413
252.61381308887067,0,1,1,0,305.82267562026686
346.32184641123064,0,1,0,1,411.6307752348799
380.31304322648043,1,0,1,0,450.26912644138497
67.3586575623248,2,0,2,0,154.70237894935346
371.3691738129828,1,0,0,0,417.7177084282363
201.9253543010199,0,2,0,0,277.9968442324745
110.71531143659375,1,1,0,0,154.99866590653616
189.0629449329219,0,2,1,0,258.6764637494477
392.212704361336,2,0,2,0,507.6085564710844
202.12105665721916,1,1,1,1,305.79720324636617
138.2131280121282,0,1,0,0,160.17919158395065
257.02633318352304,1,1,0,0,341.26199655676425
103.6567913234953,1,2,0,0,184.13755055808377
39.58669796237893,0,0,0,1,56.52225128161752
60.263091545153195,1,0,0,0,82.86448491675074
59.93787719353125,0,1,0,0,89.9559050565205
69.2420504697948,1,1,1,0,129.74888935132685
64.14259733326995,1,0,0,0,105.10703257097269
259.9411504732537,1,0,0,0,300.8036679197785
80.93323291566648,1,0,0,0,112.38553158871477
144.81024049630665,1,0,1,1,203.53262311004733
359.7474798633446,0,0,1,0,399.5516125151418
194.8450397025202,1,1,0,0,263.4887836652853
270.3475180232006,0,1,0,0,319.2082350954959
77.20474976863564,0,0,0,0,93.89544497517412
84.9927173353816,0,0,2,0,108.48032713656912
25.938760343926756,0,0,0,0,36.81019508483027
75.88467459814417,1,0,0,0,127.82687262264878
118.65023222246386,0,1,0,0,145.823488256545
79.03408886793126,1,2,0,1,176.38019493461496
44.59398816525169,0,0,1,0,61.54269691288687
57.04798972923432,0,1,0,0,71.25489271321972
189.70371953276305,1,1,0,0,249.5044526783053
90.47015017825908,0,1,0,0,127.08034102677576
152.06524580874944,0,0,0,0,159.18394720543805
206.33273563339418,1,2,2,0,315.2875477825599
279.25398316545244,0,0,0,1,319.3890243661118
25.331734538028584,1,0,1,0,67.65910042993976
321.7700555745266,0,0,1,1,380.6988624284684
254.88115190145402,0,0,0,1,289.9548020367438
41.88602246006005,1,0,0,0,74.53084524011445
350.6956634016431,0,0,0,0,379.1186778607707
369.14023620740716,0,0,1,1,429.5522870352328
33.82040434339686,0,1,0,1,59.47600251086547
117.98228277740945,0,1,0,0,159.01541382811016
324.4184991192939,1,0,0,0,373.8368922137821
301.82127924962674,0,1,1,0,373.2903572636243
81.96319754898715,1,1,0,1,142.54554163830488
91.64623610131702,2,1,0,0,171.59370419658623
154.48412008863897,0,0,0,0,164.56841459866237
198.9639642244983,2,1,0,0,278.92363388647215
251.1193608968154,0,2,1,0,314.9903106047744
153.87631943221123,2,1,0,0,229.42248247549077
190.38853929192769,0,0,1,0,220.1053174927392
301.51366587216506,1,0,0,1,365.6190325639021
24.30644912733318,0,1,0,0,54.59916082699322
108.4504082941681,0,0,0,0,114.74347664253587
288.20633849497545,1,0,0,0,332.35122860765404
359.13066669800776,1,0,0,0,405.2371908370777
209.5542024251098,0,1,0,0,252.44509340698897
217.5242592534731,0,1,0,0,268.3647480355145
51.79708442251266,1,0,0,0,91.63655242275502
184.49082306114732,1,2,0,0,271.94217805188407
217.72073391745903,2,0,2,0,322.6218744480961
104.56349641754457,1,1,0,0,172.65025905681426
115.00486007025857,2,1,0,0,198.11649904070745
157.14082361080284,1,1,0,0,221.59539043816008
17.827767133313284,0,2,1,0,71.88220234152577
135.61087457743952,0,0,1,0,152.04278893582324
92.46472272865242,1,1,0,0,140.39981540907874
137.72396734938673,1,0,1,0,190.17105570923556
56.707231409507976,0,1,0,0,82.34871724492822
357.30563948855905,0,1,0,0,425.19825718999846
241.50105688607897,2,1,1,0,349.1059157619056
274.84990446635095,1,0,1,0,349.26700697004253
317.7767830568619,0,1,0,0,363.1849635839661
204.39245758233233,0,0,1,0,235.48018300369523
43.89891235409524,0,0,0,0,37.257661470316314
219.47155130923363,0,1,1,0,268.4848864161514
238.86803602814285,0,0,0,0,264.7991631616113
300.7213949318887,0,1,0,0,348.1201850052135
178.34722302957496,1,0,0,0,227.10411590053238
59.756318090269865,0,0,0,0,66.63874223069116
120.67260326150254,1,1,0,0,173.8232100685372
151.6020955954677,2,0,0,0,232.57047919626044
261.9077241193245,0,0,0,0,284.9662886713769
232.60353882087563,1,1,0,1,318.0533228349613
148.87772310016004,0,0,0,0,159.2023879114535
394.7409470292621,2,1,0,0,506.30328350335446
246.252179549186,0,0,0,0,276.06286659959824
102.51844877703785,1,1,1,0,173.5062435213732
49.695164321957456,1,1,1,0,95.37704315147168
69.61506428188949,0,1,1,0,111.0897261761829
105.92351406995817,0,0,0,0,125.39660482203416
72.66573557122672,1,1,1,0,143.49155819646916
82.76113938000925,1,1,0,0,138.85159032548043
121.18711579060037,0,1,0,0,138.42607084535842
77.61570216495439,1,0,0,1,113.90803452364068
359.7385156043058,0,1,1,0,430.73287807209056
41.29116080804046,1,1,0,0,93.32796891397564
214.55944193239932,0,0,0,0,243.78217998549883
170.054762525968,2,0,0,0,234.35535235079632
393.1276605943565,0,1,1,0,467.1131315235976
53.695171845540415,0,0,0,0,58.707545039676255
165.16368362783925,0,2,0,0,212.28302206563035
388.09346897739385,0,1,0,0,425.32836278112626
347.5477790986523,1,1,0,0,427.59110928102496
328.6581076702192,0,0,0,0,359.9276951257234
110.58210254752653,1,0,0,0,140.68962062413667
76.64615908212566,0,2,1,0,125.66060727382833
270.7708557705281,0,0,0,0,300.4243042285733
372.45663575975846,0,1,0,0,424.18896932617207
227.13752827543263,0,0,0,0,252.24139226123532
232.92894889326095,0,0,0,0,269.0166961268515
119.19184652751083,0,0,0,0,112.8960218965451
310.1022439448554,0,0,0,0,332.69655056113237
82.94706193743411,0,2,0,0,128.812699025251
136.23490219765503,1,0,1,0,200.25850269970596
175.92021106040255,1,0,0,0,203.82173336678727
207.96804768693747,0,0,0,0,242.36112204574025
104.5397956418813,0,0,1,0,130.1302606400372
54.78636164828938,2,0,0,0,108.99893468608117
248.14181655223672,1,1,1,0,329.11568540577974
122.56591576369975,1,0,0,1,165.21816748477767
236.68290635481878,0,0,0,0,266.58446827941015
70.2014589569389,1,0,1,0,108.03524373854655
197.64463972337882,1,2,0,0,283.3756476968368
217.70987869511848,1,0,0,1,269.42823252356436
30.211179360746495,2,0,1,0,91.86058262361067
141.27566849562902,0,1,0,0,194.80671249161193
62.42172400619995,0,0,0,0,71.44883206660944
34.71623848437942,1,0,0,0,67.77838452206669
396.08449063207865,1,0,1,0,481.19438584398057
135.71799954014196,0,1,2,0,186.68519993578832
325.8510338833076,0,0,0,0,369.4921904184027
109.3098553578679,0,1,0,0,119.1754575078953
275.78606166733243,0,1,2,0,344.70739053859995
306.4888653569778,1,0,0,0,355.67923609490816
242.29910883705926,1,0,0,0,293.98008746928326
193.91471353456177,0,0,1,0,228.29306998501744
170.61795651743472,0,1,1,0,219.79416191161437
146.05862395176817,0,0,1,1,184.24070191763442
372.5163662566521,0,0,0,0,398.55730627362175
333.9415690372144,1,0,0,0,377.3220343392696
386.3604951599399,2,2,0,0,517.2962695168047
58.475917159362446,1,0,0,1,104.34155852868487
295.03831532942127,0,2,0,0,374.5359353606251
375.95277816020473,2,0,1,0,468.81016667297445
80.68089580460746,1,0,0,0,118.5580443783428
35.933544273043225,1,0,1,0,76.93057628912929
299.03705322312305,0,0,0,0,335.74603976131846
234.04451414016563,0,0,0,1,273.49699036633314
338.3132229357261,0,0,0,0,370.7586456691332
64.5112268842529,0,2,0,0,107.65964262040255
320.1542516253572,0,1,0,0,376.94664102016486
88.63465481862036,0,1,2,0,151.86758689727475
73.82581771762476,0,0,1,0,90.06173247526482
74.06366119308724,1,0,0,0,95.17433191371427
327.684140890239,0,0,0,0,355.16534503844275
269.42691607151806,0,1,2,0,356.0435826008054
213.99551565995654,2,2,0,0,332.62155071708963
149.94388880816598,2,0,0,0,204.6765316697255
352.1082109171122,1,0,0,1,409.77598894601397
163.0535918948278,2,0,2,0,268.0741165008844
328.4737813939151,1,0,0,0,374.2499470098448
181.26261434238518,2,0,0,0,251.81539641719263
157.00832747571397,0,1,2,0,216.3532420689974
190.4451164111465,0,1,0,0,240.69466820833327
127.5373709240154,0,0,0,0,132.96827897855013
301.56765826873794,0,0,0,0,338.12979217117896
206.06095213606687,0,2,1,0,281.2726351991013
100.56295110725875,1,0,0,0,136.7225964054293
360.8340835770817,1,0,2,0,432.87471343327786
159.71757633555245,1,0,0,0,181.6140491767751
221.98561583445556,0,0,0,0,240.4015988427221
363.5241232761733,1,0,2,0,453.5470193540674
253.4528184064569,1,1,0,0,312.49240109423306
55.590235876261985,0,0,0,0,51.934346399384154
376.5345282092553,1,0,0,0,440.2567209032512
254.80614069785295,0,1,0,0,302.4731711504058
140.61318971626358,0,0,0,0,152.2942784800932
64.31610833872102,2,1,0,1,156.40464104809337
319.66982381541544,0,1,0,1,369.3370985237829
251.82837481212027,0,0,1,0,286.87438409470815
218.0498258707654,2,1,0,0,321.05555815983166
358.6181073898735,1,0,2,0,446.76633055574416
317.552912377567,0,2,0,0,387.4318590740418
69.15320309577297,0,0,0,0,93.88743061040333
131.5716064402638,0,2,0,0,172.33792424440668
106.91076452764165,1,1,0,0,168.0013678723823
300.139054103344,0,0,0,1,350.73631289665826
23.077649546953957,0,0,1,0,37.57675427559777
232.25697709981344,2,2,2,0,380.2482940400898
307.3588874388693,1,1,2,0,402.4444485010793
351.9385983370823,0,0,0,0,378.43915720318734
143.4118819992039,1,1,1,0,219.52905714569442
330.29034882208504,1,0,0,0,391.70527755443203
53.14637741253082,0,0,0,0,66.9453583674654
340.1163937764621,0,0,1,0,398.5930946334746
59.72057830947314,1,0,0,0,89.61014932371106
164.94204331854323,0,1,0,0,209.48566857070057
320.9451926540259,1,0,0,1,382.38358960225327
68.46779666602177,0,1,0,0,101.90887231018444
99.40804414073018,0,0,1,1,135.1050494454322
291.67850167329584,0,0,0,0,321.76015235479633
290.814249252969,0,0,2,0,350.63997126814246
260.04757682526593,0,0,0,0,270.8506255491804
280.639893342169,0,0,0,0,297.1596360478436
221.6625329055625,1,0,0,1,277.63400377915383
108.20163297371157,2,0,0,0,154.53991242510145
144.82143746652858,1,0,0,0,189.63671151635648
80.823109552556,2,0,1,0,160.14311269672987
364.29571892011506,0,0,1,0,415.03087597223873
237.52279995878698,2,1,2,0,350.1467096711588
166.33205253781955,0,2,1,0,247.494259734024
190.18226342121176,2,0,1,0,288.7692452136143
379.44050244860796,2,0,0,0,465.1117081998674
69.80704721527127,1,0,1,1,130.23742544426946
238.6296344865509,2,2,0,0,351.9371468600603
207.29658476494174,1,0,0,0,255.38468234647232
248.46715181951265,0,0,0,0,270.09860465918445
17.0629716901278,0,0,0,0,18.337637015934444
350.12832448821905,1,0,0,0,414.2039129729452
373.52613016860886,0,0,2,0,456.24804438819933
230.40194159979148,1,1,0,0,285.14700277910407
281.69382131198796,2,0,0,0,356.4718506469449
369.77475865914533,0,1,0,0,413.9469619281201
285.8230673822255,1,0,0,0,349.5431817874001
69.49022673656192,2,0,0,0,121.10561632169019
234.75246046505714,2,2,0,0,334.54798688432146
246.6188680893138,2,0,0,1,334.1442611791309
175.41096180793056,1,1,0,0,250.3119017993237
297.2132518936419,2,0,1,0,394.5414213779136
374.4031357599158,1,0,1,0,450.0781674836181
370.9717200336428,0,2,0,0,447.96954923709103
185.82735484761153,0,0,0,0,214.03947604545337
54.162837877894546,1,1,0,0,97.09313807031721
394.08806759531046,0,0,1,0,444.01947872582997
337.1702537139143,1,1,0,0,409.2005737725575
58.61844566927407,1,0,0,0,79.60447281723805
369.12833422077523,0,0,1,0,415.0584534382386
349.25958120423,1,1,0,0,434.872220990656
212.34684227916813,1,2,0,0,301.1839178553252
240.5974199405224,0,2,0,0,307.6243966632536
165.6110545093508,0,1,2,0,231.83840981251834
31.35703914059222,0,1,1,0,73.39426932429296
140.72692424190137,0,0,1,0,162.11555825238028
323.11284495322445,2,0,0,0,400.0106608615543
11.806488971795115,0,0,0,1,24.41584004679863
140.06467695954623,1,0,2,0,210.0179562814692
165.2857905004679,0,0,2,0,212.87327429443084
219.58428514578992,0,0,0,1,248.43981063018526
368.74369040097656,1,0,1,0,439.24645686475003
145.0749378027249,1,1,0,0,228.5257387764179
145.3117487395288,0,0,0,0,165.7762058993088
297.62548676280187,0,0,0,0,327.98752900340486
186.3649969470248,0,0,0,0,201.44160141110316
97.59588094659297,0,1,2,0,152.8584831443686
186.45141129175042,1,1,0,0,247.3551348411848
64.93423794812195,0,1,0,0,93.17998123755378
78.79092473742709,0,0,2,0,100.91025172468854
204.3634313683971,0,0,2,1,250.38680836616302
173.3809253067737,2,0,0,0,234.04776849587785
366.789901416559,2,0,0,0,451.79155340320204
151.33362065548692,0,0,0,0,163.17703735604366
236.42945660843694,1,0,0,1,304.74801338163616
256.58307228861685,0,0,2,0,298.04963183707036
15.106838069450118,0,2,2,0,80.46942322802771
268.7795750865171,1,2,0,1,380.37481584049294
79.43402707920306,2,0,0,0,137.7042568656227
384.8174238130875,2,0,0,1,486.8795666403229
67.97846382371405,1,0,2,0,145.5682997174801
171.70340825353927,0,0,0,0,181.76237366064643
43.28637055067111,1,2,0,1,121.42698044385041
398.78095821991946,0,0,0,0,432.8543573961015
205.8560540291846,1,1,0,0,253.93349672324425
242.20015675481707,0,0,0,0,261.73517839338905
36.15982618148672,1,2,0,1,121.49558060612175
302.48458345567934,0,0,2,0,364.3078982861481
91.86318130727845,0,1,2,0,155.16704496304422
360.24117288187836,2,0,1,0,454.9862985714785
90.0044597879828,0,1,0,0,112.937905517027
84.36821105882996,1,0,0,0,127.19209380300344
24.254370460757002,0,0,0,0,22.480776059055373
194.10610859289972,0,2,0,0,254.1047747753272
230.28804197242042,0,2,2,0,322.529995960788
35.62636937705742,0,1,0,0,70.55886635957413
312.45577051105414,2,1,0,0,418.63213941889245
186.78264555173078,0,1,2,0,243.40081709109663
214.51220503775622,2,0,2,1,314.5128892524428
181.89747130590897,1,0,0,0,228.06488360554468
166.29759374137714,0,0,0,0,180.90085562974173
228.25972921020497,1,1,0,0,290.3692394122299
70.54369591297788,1,0,0,0,110.08178224974982
80.95197089315573,1,0,0,0,114.81091603106299
346.09639219527173,0,0,0,0,377.97935967177557
378.98503023211674,0,1,2,0,469.6768439247132
155.59063334910365,2,0,0,1,226.73436442129184
115.59042252598597,2,0,0,0,188.6467946394015
261.15982186321617,2,0,0,0,328.59724286491723
169.4063267282576,0,0,0,0,190.06233441610863
19.900678707534496,1,0,1,1,83.18049402658912
70.89951297281425,0,1,0,0,86.3265593288933
289.22916925048503,0,1,0,0,332.77604868461856
266.980337344959,0,1,0,0,320.3889362466761
20.567437076358562,1,0,1,0,71.69516046514845
96.56914315385028,0,1,0,0,123.97619136473075
100.11917066934784,0,0,1,0,118.3435447080555
272.0381700035041,2,0,0,0,354.4163993097415
17.68710972420202,0,1,0,0,48.7634216106914
50.6023469739838,0,0,0,0,45.88525354715589
321.96727329554386,0,0,2,0,371.60571622158955
79.6324182011901,2,1,2,0,188.67378240262164
264.5709820622311,1,0,0,0,318.6577745898651
102.89128460822334,0,1,0,0,129.852485072585
48.782143176144615,1,0,0,0,83.65123402474383
104.8371544897871,1,1,0,0,153.6867120432505
291.6841034237071,0,0,0,0,301.2832913059997
343.72162256145145,1,0,2,0,426.5778342156499
333.78574718112674,1,1,2,1,449.63576318787943
164.9015765511974,1,0,0,0,202.68590928577098
270.553203262552,0,0,0,0,285.8801229044172
89.94387521217018,2,0,1,0,148.59539933351874
124.32761480179518,1,0,1,0,171.5174148033788
359.5709692232367,0,0,0,0,399.44048532581985
15.070750169187054,0,0,0,0,26.490397881695337
43.34832703324255,0,2,0,1,106.79079110937224
91.07563950695065,0,0,0,0,92.82796681730319
20.347559510789686,1,0,0,1,47.96768705909129
80.75981968502096,0,0,0,0,92.07469839440748
237.38620877817993,0,0,0,0,264.04757330534335
174.3555747310742,1,2,0,0,258.4074383664122
358.14196732002017,0,0,0,0,374.5878217915744
328.802989077992,2,2,0,0,441.75909322419625
143.30876716217162,0,0,1,0,171.09932658189942
111.17513903820407,0,1,1,0,160.17971541690238
158.08003918523409,0,0,0,1,188.5894107392571
240.21502758077503,0,1,0,0,283.2067855391018
114.54481992092174,0,0,2,0,157.60425582058417
253.41807406116226,1,0,0,1,312.13500446088403
169.67054435458377,2,0,0,0,240.58009428965744
225.2984005322723,0,0,0,0,248.28299851986068
180.0893463627735,1,2,0,0,261.98700640340394
124.84164622134789,1,0,0,0,159.04393639382593
379.8967897152411,1,0,2,0,470.08319290787557
307.8062597223067,0,1,0,0,359.6653780005033
64.64413854891649,0,0,0,0,72.6606815281843
348.702510600186,0,2,2,0,453.4493501833285
200.09816731731033,1,1,0,0,274.0306846915117
358.87536848869564,1,0,0,0,418.6217133696407
321.9435498194529,0,1,0,0,366.0191570937998
175.83326674300105,0,0,0,0,198.8869634621363
18.763030244845787,2,0,0,0,59.53917356575316
114.78417016012897,1,0,0,0,141.5677876742264
221.2373437177381,2,0,0,0,294.03660762802025
257.0565057321974,1,1,0,0,329.5564523228717
110.57619731894889,0,2,0,1,160.66816910536681
64.34886888840141,1,0,0,0,92.13622621218026
335.6227923517267,1,0,0,0,386.28528463503545
393.91685047438534,0,2,0,0,465.8340626617312
215.01917109804748,1,0,0,0,267.1151506807808
76.95492148083837,1,0,2,0,144.60286714201987
116.1998573425539,0,0,0,0,126.61050329850187
17.172363853512024,1,2,0,0,79.36579242327552
366.57653455859463,1,0,1,1,439.1044767021603
55.92292232715504,2,1,0,0,142.36830386715198
234.8414254505589,0,1,0,0,280.9275571483436
116.88153606801035,0,0,1,0,136.85377742342618
226.12942098115943,1,0,1,0,292.44343705135486
264.0539514572271,0,1,0,1,317.49706717055983
333.59930344580863,1,0,0,1,396.6296368110743
90.50429598663526,1,1,0,0,147.21365148446435
14.288373176807386,0,2,1,1,74.65533019357899
63.38539572683484,1,1,0,0,111.39765227319349
361.007270320761,1,1,0,1,449.7978015907902
350.81713024938097,0,1,1,0,413.71398709260666
242.99110984642024,2,1,0,0,340.4338924236896
244.20157556912483,1,0,1,0,321.35425083210777
269.36430307303965,1,0,0,0,312.8175819279134
78.39479866314534,1,0,0,0,97.20059617118073
366.62065891073433,0,1,0,0,403.935888380991
173.32050470790853,2,0,1,0,252.87316909484946
159.42402601730402,1,1,0,0,213.61180257059493
212.37790506030663,1,0,0,0,258.34787134705294
28.316727042271467,2,1,0,1,111.95175633141405
74.85051381487096,0,0,1,0,83.82937120694646
297.83311040628445,1,1,2,1,395.3897770800954
42.29148049079932,0,0,0,0,48.503626458186204
245.22932269189138,0,0,0,0,268.606328159823
105.68615277571517,0,0,2,0,141.88744085930233
161.82528947637084,2,1,0,0,233.27953074770977
122.59055734057296,2,0,0,0,187.50628356456315
148.71235942133015,1,0,0,0,197.40686118666076
290.42790302185574,1,2,1,0,399.0542991819576
125.87746909303826,1,1,0,0,175.541084249703
230.8978097157899,2,2,0,0,342.24493701452184
195.65965685764888,0,0,0,0,202.51798574269296
268.8317544914328,0,0,0,0,301.73469061045523
375.3635983366556,0,1,0,0,430.1423164980425
295.7031179119976,1,0,0,0,333.4399642463352
93.82674765039513,1,1,0,0,144.95105709869978
22.161422673901022,0,0,0,0,27.882509544311326
112.28297727693179,0,0,0,0,119.8261396979396
242.08039297309938,1,0,1,0,301.88053565367795
30.056067258857635,0,0,1,0,37.9932193532847
203.58283640848217,1,0,1,0,266.6226948877248
242.7687110775868,2,0,0,0,309.6508403026689
140.35511741861473,0,2,0,0,175.86311053153946
310.65575946087057,0,0,0,0,335.9271331737684
51.573318722171,1,1,2,0,139.1109999669312
39.30373487696542,1,1,1,0,99.7813661111627
293.99361491940533,1,0,1,0,374.62418706579393
203.2416133204174,2,0,0,0,275.1498672106617
278.47693460681705,0,1,0,0,326.503084869316
179.58266205546101,1,1,0,1,249.88117247861658
106.09679296325166,1,1,0,0,160.19566629779658
329.44990389293787,2,1,0,0,427.29250607497625
321.77219279790194,0,2,2,0,418.6060551883237
280.9316236332264,1,0,0,0,335.71779944187506
116.13660351968545,1,0,0,0,144.20782672860508
240.18996007894395,0,1,0,0,273.4182603654175
150.77981980661045,0,0,2,0,185.5015157456629
45.71700859738732,2,1,0,0,136.23833666947613
367.7522944302747,0,0,0,0,405.4270644100279
63.35926605839495,0,0,2,1,111.55513694987201
380.59256799011297,0,1,0,0,426.7317749905031
183.94225145360275,2,0,0,1,265.65101271841985
82.20184224706166,1,0,0,1,123.7421662251679
221.34136947755968,1,0,0,0,268.1766636863918
350.44887599179924,0,1,1,0,409.49490219141796
295.56770569972883,1,0,1,0,363.7196479863175
324.5588476659654,1,1,0,0,395.6735291481286
266.92551301717975,1,0,0,0,310.06657948977283
279.9878601619625,2,1,0,0,381.31415268132616
341.1863041104745,0,1,0,0,379.90157837955036
107.37052345508252,1,0,0,0,146.64969024733048
200.8757358208248,0,0,0,0,224.61305541841466
96.27168230964487,1,0,0,0,122.98650402429355
395.19052311869234,0,1,1,0,459.554306622241
378.1831424777792,0,0,0,0,410.7792227074461
25.3764564337173,0,1,0,0,49.939696702298455
285.1743172811185,1,0,0,0,334.8764152812518
370.84684379210967,0,0,1,0,423.028692909291
80.42438459966007,1,0,0,0,126.83952951083745
231.4986399155255,0,0,0,0,248.4822366637392
367.04043605933634,0,0,0,0,386.6863086627396
23.23893164846155,1,1,1,0,91.9589504625669
281.99390422626755,0,1,0,0,341.096230308803
125.9661128752948,0,0,1,1,165.55972458654878
370.51451619684684,1,2,2,0,490.4956646300945
388.71271561449345,0,1,1,0,458.05909630992943
378.26393075423925,0,2,0,0,443.7033729491134
194.94354449641088,0,0,0,0,217.8085288568791
346.1966338858322,2,0,0,0,416.8587319265932
339.37426542867746,1,0,2,0,422.8254410821134
134.4491845648697,1,1,0,1,193.63713509677933
333.2770349187642,1,0,0,0,389.58954466518605
24.43297753904212,0,0,0,0,23.723423898216616
242.54525260800068,0,0,0,0,266.0089178529119
99.70344654220419,1,0,0,0,133.94620066759003
57.02108545313874,0,1,0,0,74.31154827254028
40.01174863539157,0,0,0,0,48.66419683775025
281.5526225924745,0,0,1,0,321.75819034068184
142.5512358695458,0,1,0,0,167.6022070674864
292.659040896217,2,2,0,0,427.1918207000649
35.488972911587524,0,1,0,0,62.5266845100143
132.96323175393803,1,2,0,0,208.82471384982887
220.4016040263815,0,1,1,0,286.7597496969399
318.3820342871958,2,0,0,0,412.0603804611246
134.31347614350727,0,0,0,1,155.3609967780423
254.09763681043356,0,1,0,0,299.97660186649654
355.531321812113,1,1,2,0,454.9483285237361
250.18664339109878,1,1,0,0,316.7533416932364
100.85419515391717,0,0,1,0,123.43025791964887
19.516304807049828,0,0,0,0,22.769130603936684
349.33856082136265,0,0,0,1,393.758695634219
18.295070231650982,0,0,0,0,24.436886025152823
351.1336523468378,0,0,1,0,399.95603471967723
216.28548227061268,0,1,0,0,246.26185782763505
376.2364024200295,0,0,2,0,432.9319748850126
321.5254619517295,0,0,0,0,346.38378844617733
399.19430310800163,1,0,0,0,458.2267695642523
146.77760802616694,2,1,0,1,248.52722126141356
309.2034326831395,1,0,1,1,378.00932375951066
166.75305630760445,0,0,0,0,179.0531046774756
197.15149191852444,0,0,1,0,237.69843080592088
254.72713065516433,2,0,2,0,355.48512273693365
350.73407453267214,0,2,2,1,466.3023155980213
393.7925529877251,0,2,0,1,478.4755396431859
309.6266314071621,1,0,0,0,364.82877304822915
172.92904504526015,1,0,1,0,226.82208697162565
174.32923088805737,1,1,0,0,240.5138665687985
297.6570976196677,0,0,0,0,312.35638250765874
103.12308684963791,0,0,0,0,109.59141685976937
53.084904121243916,2,0,0,0,110.28338590945692
148.30264147990286,0,2,0,0,206.0542617803072
122.02320674509187,1,0,0,0,170.05984652213084
125.56016697783613,1,0,0,1,168.84653027726026
101.10702290946487,1,1,0,0,167.13442454157592
26.416343958181134,0,0,0,0,23.545639159283873
16.970834546031384,0,0,0,0,29.14280897893684
395.2117319970523,1,2,0,0,502.6798082830986
176.83152215698632,2,0,0,0,235.59944644329093
159.88739239227584,2,1,0,0,246.8789237804973
275.06244025029724,0,0,0,0,299.65822995243036
95.11901626737503,0,0,0,0,108.77087631380913
380.48486174058786,2,0,1,0,478.28822191862935
316.67455562206527,1,0,0,0,368.00518178241373
44.87029090178121,2,0,1,0,124.90216491859141
172.85650255612205,0,1,0,0,207.78096290557866
352.8561399492442,1,0,0,0,416.5453494472551
378.44548869365,1,0,0,0,436.04681214908277
192.2865893874492,1,0,0,0,248.10049449649205
249.230441792176,0,1,0,0,286.4610776476899
75.14323897590934,0,0,0,1,87.06129426919635
396.5557641934208,1,0,0,0,469.80242565993177
100.35196353954292,0,0,0,0,105.91529818870298
377.665391912699,0,0,0,0,424.80720380862317
263.3621931070237,2,0,2,0,374.4389352989662
247.01735000275505,0,1,0,0,288.23627507779156
209.94851929643835,1,0,0,0,239.52840054725002
99.96122656992588,0,0,0,0,108.89406436938083
78.84593248214823,1,0,0,1,121.82678495424729
95.9896215373684,2,1,1,0,199.0536926344732
82.71092223625926,0,0,0,0,102.93767439493101
314.0379446910338,0,0,0,1,347.10695132070504
146.54885107502474,0,0,1,0,181.28092801193245
32.55864385972458,0,0,0,0,41.6417378223518
387.9500257549164,1,0,0,0,456.8055115337378
354.67649513573605,2,0,2,0,470.90933217243276
371.82339044613303,0,0,0,0,390.0855353226327
398.0140508321098,0,0,0,0,432.9537669020795
77.81914719560004,0,0,0,0,75.64795452313744
164.53438737203692,1,0,0,0,202.87121276796842
305.7130055245956,0,0,0,0,341.3451308249936
281.448041040979,1,1,1,0,369.4754332771587
70.01940347254347,1,2,0,0,150.5695307194087
328.17491874634095,1,2,1,1,450.74303363444386
97.53182301629766,0,1,2,0,146.0117448640644
97.288869780823,1,1,0,0,130.9665364355887
219.4200249284313,0,1,0,0,260.55777001536177
241.24657458826422,0,0,0,0,261.46666963820616
236.23362105674636,2,1,2,0,349.89383887412276
45.6798665851244,1,0,1,0,76.2275637320156
352.20973642584835,0,0,0,1,388.35085766587105
113.58401660959537,0,1,0,1,152.35390442245856
60.510819300293626,0,0,0,1,81.33882546269871
356.6117511489011,0,0,2,1,430.5400499058905
382.70408430960384,0,2,0,0,470.35990267876787
346.22977073352575,0,0,0,0,369.4203719882104
325.71126914270246,0,0,1,1,387.36985565577123
265.5443724492185,1,2,0,0,355.06315988963183
224.83437453756434,1,1,0,1,305.83121612483706
43.924836365449956,1,0,0,0,69.42588440163925
169.2967530975725,0,0,0,0,193.26081000665835
155.34852163480247,2,0,0,0,221.83291257745555
111.30397566652722,1,1,2,1,200.9869590295968
292.1338443385481,1,0,0,0,343.59527431983787
203.3915366807206,1,0,0,0,244.96522950747115
41.608024203982694,2,0,0,0,99.30399866399256
95.87144876042642,1,0,0,0,120.1488210163782
276.47091782724243,0,2,0,0,341.36982401279346
39.691035201217076,1,0,1,0,86.46176914979509
341.9706964790198,1,1,1,0,433.32312807102045
203.10714553544997,1,0,0,0,257.3469614483301
197.42876515739272,1,1,0,0,266.5690169097241
241.03903601721186,0,2,0,0,302.89182928121426
331.62557671080816,0,0,2,0,393.50686919177207
145.6455910818553,2,0,0,0,211.25142377387994
274.4262994980348,1,0,1,1,352.60054174028164
230.6354659583585,1,1,0,0,281.9970625347106
114.14102536607432,0,0,2,0,152.10527185138088
352.6656946785116,0,1,1,0,407.85069983101073
320.99614842670195,2,1,1,0,445.4038640451689
266.79621551678594,1,1,0,0,335.5636207673794
341.72687434675436,1,1,0,0,416.24622623538596
348.24473837432294,0,0,0,0,387.0777296100727
286.26156091886355,1,0,1,0,355.66393756381376
336.43519806183207,0,0,0,0,357.9911399524195
282.0138700510206,1,2,2,0,402.08425170089447
275.25490098651716,0,1,1,0,332.5967380176622
251.25843750392187,0,1,0,0,280.1438505317936
303.55948942748006,1,0,1,0,365.63359678226243
71.85599106429873,2,0,0,1,136.92003131219417
353.5395960875821,0,1,0,0,404.7599519163366
350.0189758206405,1,0,0,0,394.9810313240076
21.406440383478067,0,0,0,0,32.565805082719514
332.06853272025745,0,1,1,1,406.4397566782403
60.25924831464363,0,0,0,0,66.03778641107755
140.69635316106533,0,0,0,0,156.69206382788087
299.96821995372704,1,0,0,0,345.9334481001093
72.69635945884019,0,0,1,1,107.95596719470542
329.00713940643425,0,2,0,0,395.98028218432825
334.5323294035193,2,0,1,1,432.7716750241163
207.91241616672613,0,0,0,0,231.40112485599897
12.490489969565097,1,0,0,0,50.55937992812184
121.94487193821598,0,1,0,0,158.82940437503137
250.60149816653947,1,0,0,0,305.7672730664392
392.66260943069517,0,0,1,1,449.1941654355327
256.40727553650066,0,0,0,0,266.9360700246531
111.32339661502232,0,0,1,0,148.36480557500488
257.26222420884847,0,0,0,0,297.0858182521637
220.59429808918364,0,1,0,0,272.99077937835784
314.139704108946,1,1,2,0,415.0115715161031
51.72244914251378,2,0,1,0,112.18741526382064
306.8008819757909,1,0,0,0,351.1664096637608
221.093965683683,1,2,0,0,292.72355656855996
385.5668815050079,0,0,0,0,419.759387240001
143.3301447550876,0,1,0,0,189.20558157930066
256.72253832223976,0,0,1,0,293.92764984201085
373.4909611489068,0,2,1,0,464.8632680925027
49.97879391636491,1,1,0,0,110.52709635046811
375.51911002221595,1,2,2,0,501.4244484386673
278.27543169731723,0,1,0,0,339.85744986901193
36.45645305101704,0,0,0,0,55.70743131563458
127.37579110925834,1,2,0,1,212.90651777338343
286.18711457165983,1,0,0,0,332.5838508751116
36.266734572820965,0,0,0,1,55.141614814199926
237.04647946874658,2,1,0,0,325.81595988029994
144.89439221165313,2,1,0,1,228.8141679489011
252.15705192931608,0,2,0,0,325.3303295147105
27.839393186880013,0,0,1,0,55.10182621117666
349.8993543994267,1,1,0,0,427.9524794476649
389.6606979791848,2,1,0,0,484.9814797656489
387.86236356141967,2,0,1,1,488.28636842090054
302.36421437974064,0,0,2,0,360.7097045397976
60.733633650946466,0,0,2,0,92.25590479771952
305.7226464123188,1,0,0,1,365.78687081085127
19.58889741893259,1,2,0,0,94.54541151567922
18.62818509630893,0,1,0,0,46.18709100808111
136.20798546832108,2,1,0,0,229.61567104578575
200.57084425781963,1,2,2,1,315.8795715851488
310.45889294503934,1,0,0,0,360.93689611782196
276.48519687653703,2,1,0,0,377.69206833808494
183.90205548693186,1,0,0,0,229.20505089566515
116.7143998498497,0,1,0,0,159.58384289690062
398.87855506150737,1,0,1,0,478.50453553251333
176.21070787202945,0,2,0,1,257.0147359659674
186.04093948857343,1,0,0,1,242.27389458313797
73.81329026475098,0,0,0,0,89.02092896043762
319.9757240124725,1,1,0,0,391.47630662114886
280.53606805478057,0,0,0,0,306.15364466392344
96.10014898761655,0,1,0,0,132.12408139902476
42.12860779017865,0,0,0,0,58.86230659039387
275.3947278091381,0,1,1,1,351.2645077499094
265.2593735696428,1,0,2,0,343.70848790049695
116.57121552930164,1,0,2,0,193.18727899546488
380.83678927766005,1,0,2,0,452.9224863253901
68.91257779455108,0,0,0,0,63.79948158200073
178.61057240661475,0,0,0,0,200.30097096019955
378.01020886536355,0,0,0,0,412.48764015769433
173.6936536011877,0,0,1,1,219.32809495574355
259.02511958899333,2,0,2,1,373.0881179129028
165.06181520548978,0,0,1,0,199.63500032645618
116.94392891598132,0,1,0,1,151.05997261312498
393.751282704333,0,0,2,0,464.1107425479099
169.6402624628668,0,0,0,0,193.01742073060626
358.69868943486244,1,1,0,0,446.072066033118
99.6822962975236,1,0,0,0,149.8527575908517
93.11083456978248,0,1,0,1,133.52824344232727
22.14229232495943,0,0,0,0,26.346516685642264
264.15006189659516,0,0,0,0,275.97832417380397
153.72527405226685,0,0,0,0,163.4490077570019
347.0997174374584,0,1,0,0,397.1095806124472
194.55186360970728,2,1,1,0,305.64095308334606
387.5954368867415,1,0,0,0,442.9433767019101
82.35495112421725,1,0,0,0,121.21248502077312
348.7630355026882,0,2,1,0,435.45579226722555
312.8727725887793,0,0,2,0,369.8984069941139
310.65951941118027,1,0,0,0,365.8924456561718
339.4654589655862,1,2,0,0,432.1967042571622
306.79935646776954,1,1,0,0,376.2579090710073
254.225925436252,0,0,0,1,273.6990859568631
61.185502296131155,1,1,0,0,109.76418702806542
22.685210001588246,0,1,1,0,55.907756650724636
369.1306606481179,2,0,0,0,448.5601455195178
250.49362266308785,1,0,1,0,316.60075467863436
320.64954348070876,1,0,1,0,395.06855760127905
197.79371708989453,0,2,2,0,287.6325201352054
55.75019369533385,1,1,0,0,113.78171464577818
58.82245895899467,0,0,2,0,98.7744506346371
277.3704620192988,0,1,0,0,320.2255090480627
177.81929901079044,0,0,0,0,190.28183954423818
88.20464341313132,1,0,0,0,123.7258252539144
201.7218732291604,0,0,0,0,224.65036222011744
35.041485459302294,0,0,1,0,64.40982950276359
236.96884674661553,2,1,0,0,338.04085353764674
114.9074277296881,0,0,0,0,121.02177347123873
321.0480492485034,1,1,0,0,394.41818530280375
131.04116398019377,0,0,0,0,148.32213950864448
187.53585814190248,0,0,0,0,213.12855474291086
14.532010564159247,1,2,1,0,103.3648581832666
38.25428623987796,0,0,0,0,41.22092596267064
163.07248699860708,0,0,0,0,167.86507732450684
197.17614553967817,1,0,0,0,232.10975866968417
244.00801376652845,1,1,0,0,313.3716285871318
123.74840569662825,1,0,0,0,162.73606539535285
281.0429355893516,0,0,0,0,297.80285838272664
345.4477349037898,0,0,2,0,407.2086313276121
314.1418856684064,1,0,0,0,372.7500337667631
25.451341885859286,1,1,0,0,63.55528697906207
197.39770943055328,1,0,0,0,249.18293335685706
50.9227695830882,1,0,1,0,92.53186308398125
104.39755618638571,1,0,0,0,148.94914801303398
394.79841137418714,0,0,0,0,426.4215564783606
65.57326173159015,0,2,1,0,118.32146348047945
204.56637984602887,1,0,0,0,244.49822754966135
251.08073638406646,0,2,0,0,313.14507288890843
283.96133851220054,0,0,0,1,316.6681663955015
228.2629865598965,2,0,0,0,297.28615578366583
13.810630493481627,2,1,0,0,87.73786355393493
137.31991021515682,0,0,0,0,148.43410345816352
211.90754092003746,0,1,0,0,250.642963670243
44.26793466648501,0,2,0,0,74.61848116981743
146.7445031715805,1,0,0,0,188.2184966788989
22.94921242863296,2,0,2,0,104.32187808606625
40.645613890458094,0,1,1,0,92.22301354254452
164.80007771862248,0,0,1,0,187.2653816277383
61.75914407679354,2,0,0,0,102.90724909214228
231.3409308220077,0,0,0,0,257.31647248453964
278.89133796353366,1,0,0,0,332.0173121067225
322.22881265254233,2,1,0,1,423.4548769112516
88.05859525547594,0,0,2,1,123.8259304568501
75.3182070810372,1,0,0,1,129.46449066115127
50.7814577304161,0,1,0,0,86.71083701258091
258.20779732201834,0,0,0,1,271.78157937255276
285.52553332989146,1,0,0,0,332.81661576219324
22.318596482000395,0,1,0,0,57.66109623681708
375.122776035039,2,0,0,0,455.416346121456
30.26880062407424,1,1,0,0,74.09561189950412
221.10557076741748,0,1,1,0,273.9440025797841
286.5336025858574,0,0,0,0,303.6149361216992
349.67795826097336,0,0,2,0,397.8286576036011
288.4939035316468,0,0,1,0,338.1410005204018
322.6739523972188,0,0,0,0,337.26445281971183
142.38557509169436,0,1,1,0,192.30788989871846
327.78179436113976,0,1,0,0,384.6727752451227
41.2447900900233,1,0,2,0,88.38450607063433
358.97849586360576,1,1,0,0,429.21875735771846
223.56102669995713,1,2,0,0,318.5901899070859
328.74613028537254,0,2,0,0,402.89527589131364
186.40413096213706,0,0,0,0,198.41167539457297
260.99530112664473,1,0,2,0,349.34013871050183
215.29703776508416,0,0,0,0,244.52178153136256
295.31991348457944,0,2,0,0,364.3195998909396
41.83569299192993,1,0,0,0,63.43765598638882
33.53731275631988,1,0,2,0,88.2785697427564
106.37026126395712,1,0,0,0,143.33137896686907
72.22242524414345,0,0,0,1,87.2793416331584
349.99559097095863,1,0,0,0,414.3250293941973
95.49345506963728,1,2,1,0,171.93648561691143
390.5874497694612,1,0,0,0,439.14129151597325
141.38935879073168,1,0,0,1,190.68990575447583
81.02598711859272,1,0,0,0,109.45963063710046
317.98241778556684,1,0,1,0,381.87352139394557
266.8960324453417,0,0,0,0,277.0148543687958
204.2963294167242,1,0,0,0,248.02508975844822
226.59178486567617,1,0,0,0,271.76899717127696
290.4886935261829,1,0,1,0,362.1245884296316
99.0973491192065,0,0,2,0,138.65744810410214
398.5702272621294,0,0,0,0,433.7430516600353
390.16933323724544,2,2,0,0,525.0552777167723
263.6270176753054,1,2,0,0,342.09337176365386
87.82155586236661,2,0,0,0,150.0964474188169
275.2890145482036,1,0,0,1,321.9461112796775
38.15737950187858,1,2,0,0,99.91933714386109
21.954475860264367,1,0,0,0,39.24908024112007
110.49632651937334,2,1,2,0,226.79698739565902
190.42295312833335,1,2,0,0,272.21084881669145
348.6262771092684,1,0,0,0,405.21154907154903
293.5959372088601,0,0,0,0,311.4326130532845
299.6555432679926,0,2,0,0,364.49940832489244
175.9424004347494,1,0,0,1,220.82944168416282
144.91464709331555,0,0,0,0,161.15634603881432
154.70511756399506,0,0,0,1,170.84049007806897
395.1833298570626,0,0,1,0,456.74744203843613
25.642584650868166,0,1,2,1,74.56908511304525
348.1422834877549,0,1,0,0,393.3394233269893
235.68340934323342,0,2,0,0,310.5267779087107
181.06001348394028,2,0,0,1,254.03890472605673
292.85048756190326,1,0,0,0,333.9542298432046
199.80088715563411,0,0,0,0,219.717176670084
350.63506285184764,0,0,1,0,393.70783971884475
361.27372696439085,1,0,2,0,442.4298310071163
174.47116148064762,0,2,2,0,251.56520967431678
117.96284092167012,1,1,0,1,205.8337243959204
241.01662815141128,1,0,1,0,300.9148155091574
365.8217047905095,1,1,1,0,443.6736845251655
92.15825371220997,0,0,0,0,112.4859548490006
252.95696758975828,1,0,0,0,305.8416227933481
256.30848583608304,0,1,1,0,308.4775258275687
295.9140787419596,2,0,0,0,365.35040591810315
61.31139719963132,1,2,0,0,137.27294295068182
289.17173622601456,0,1,0,0,333.48472926300934
364.5226830596,0,0,0,0,382.25328624473013
80.07641245939436,0,1,0,0,121.65400603617664
102.64189672031227,1,0,2,0,163.501054542613
388.84408667623944,0,0,0,0,436.1581229932115
80.58101155670101,1,0,0,0,123.13403772558136
343.2101864141359,0,0,0,0,366.40303609592206
201.98836401473358,1,1,0,1,283.6164614764327
106.42011901723905,1,0,0,0,135.88313489262407
349.59246149627944,1,1,0,0,411.439989665146
183.66904945103954,1,0,0,0,221.96945043659326
210.77876803257917,0,0,0,0,233.12157423156933
150.10101406590863,0,1,0,1,190.04466761520234
241.2508320596217,1,0,0,0,285.72633915582287
73.77431030815887,0,0,0,0,89.62959415014768
162.52179929418668,0,0,0,0,178.14846016325166
388.0708057107621,0,0,2,0,446.60358337600627
110.67203875343974,0,0,0,0,126.34937577490925
266.12729917110397,0,1,0,0,311.90209454047465
136.82412504763101,2,0,0,1,189.08984345844658
311.65451901777425,0,0,0,1,353.41357132956165
61.04072768015643,1,2,2,0,164.72451440371765
388.23020758063245,0,0,0,0,423.6848318518823
186.9779211396193,1,1,0,0,256.1095186190504
102.05968070512094,0,0,0,1,115.95868482188357
38.66373145870494,2,0,0,1,104.87061444733622
76.20558298414089,2,1,1,0,155.5976882860876
212.7118399368469,0,0,0,0,235.30600299829635
141.43123880820167,2,1,0,0,239.91310171872098
333.2645126942177,2,0,0,0,405.6024357557698
178.0461342281043,1,0,0,0,213.15372937475706
106.99856630917566,1,0,1,0,151.0455851577865
250.68654477557172,0,0,0,0,274.5162164706728
285.6431145853239,1,1,0,0,348.1063802738872
75.14634408137044,0,0,0,0,85.34780893647742
75.37149435244389,0,2,0,0,128.99816794823755
24.30185650408176,2,2,0,0,120.78589389390129
297.1967858755998,0,0,0,0,310.0673520955497
268.883765772504,1,0,0,0,326.2890858003641
195.10604154242742,1,1,0,0,265.34189372395025
339.2264750979869,2,2,0,0,466.70653654021066
324.21135965052076,2,0,2,0,436.6678576079965
238.28820211473334,0,0,0,0,261.71228045698655
348.6257994001709,0,0,0,0,388.5781690761067
90.27807191433962,0,1,0,0,133.8732772619254
53.64865156511387,0,0,0,0,50.90147800047815
115.20234849162595,0,1,0,0,154.3002924299501
32.2638738748328,0,0,1,0,49.5072165339398
217.15611592040247,1,0,0,0,260.8601965878466
375.276219995035,1,0,0,0,422.09999447152734
25.343980860718762,0,0,0,0,25.369663844660945
57.622866463910455,1,0,0,0,79.88318920597317
186.35762103053975,0,0,0,0,199.58838750635942
374.2112568358829,0,0,1,0,414.4449709325562
133.3008809409327,1,0,0,1,176.8278757461498
207.82157538847304,1,0,0,0,248.46556302214697
26.213415029652918,1,2,0,0,94.37049210713177
67.85384837521465,0,0,0,0,61.104381147358055
394.7857479539503,1,0,0,1,454.1112162223468
386.39629161005774,1,0,0,0,449.41854137681634
11.92659256441975,1,2,0,0,71.63132331553348
381.2065963150632,1,0,0,0,449.4579797564539
259.25677574804513,2,1,0,0,354.6277313194424
348.48813486280864,1,1,0,0,430.0229715974425
187.34854369720506,1,1,0,0,260.6657680512272
211.08245114590758,2,0,0,0,277.79407839199206
200.65016630019886,1,1,0,0,259.2951968659777
270.07706044298067,0,0,0,0,301.60314116804216
64.46398935496202,1,0,0,0,99.40046053503242
21.6897000503444,0,1,1,0,57.162848485441664
130.09267722056444,0,0,0,0,153.0509479762633
284.8254974672922,1,1,0,0,354.02077003105387
88.72284632794987,2,0,0,0,147.05074873093702
272.63864899671773,2,1,0,0,367.59376193036616
388.26569798183544,0,0,0,0,416.08582845736
46.62127915787317,1,0,0,0,76.4802603790255
272.31482610779926,0,0,0,0,308.24480080951435
183.06258552878273,2,2,0,0,293.2643852816815
348.5754792072271,2,0,0,0,430.51266654634827
79.0884178844805,1,0,1,0,124.98413580647156
280.12412136820416,1,0,0,1,343.2368868107463
336.864962962763,1,1,0,0,418.48718353274586
378.39954559486904,1,0,0,0,442.67341493242964
276.4667310329619,0,0,0,0,298.9451513232008
203.89815796328665,0,0,0,0,225.03260689464815
250.9604236784734,1,0,0,0,302.61452557842995
348.8729439467001,1,0,0,0,397.531106223457
232.53780118914358,0,0,0,0,255.0234456267171
21.850953281766376,2,1,1,1,101.54697248968988
373.06999124772136,0,0,2,0,440.8457146760837
278.91543290230885,1,0,0,0,334.5541257844747
273.84022045312616,1,0,0,1,339.71515495515655
94.1133094351097,1,2,0,0,164.50869002094495
266.9653333907363,1,2,0,0,358.7072838337228
163.6071182051218,0,1,0,0,209.87212335173493
263.9808610461819,0,0,0,0,299.28927832761934
51.57128182011638,1,0,2,0,111.02619857358721
266.55966879518405,1,0,0,0,316.90692300421904
399.77135305056,0,0,0,0,445.00149248575906
28.802695155616853,1,0,0,1,54.414705865848255
391.09793184631377,0,1,1,1,469.06768334547155
168.69410468191953,1,1,0,1,249.7144960245699
349.59384563153105,1,1,0,0,434.1767086587847
315.13033878272665,0,0,0,0,346.73266162053744
231.13634178480044,0,1,1,0,275.1020772498646
297.99519160801736,1,0,0,0,349.6863817080533
352.6210689075257,1,0,1,1,429.95820654730124
167.61472544390287,1,1,0,0,230.50073897952265
137.5429330096631,1,0,0,1,178.5720625321825
270.36142036979805,1,0,0,0,311.7339441527101
325.05991735709085,2,0,0,1,398.09189671353903
307.29120256288013,1,1,0,1,400.0012039120465
321.14732305486746,0,1,1,0,382.14437015012913
179.87749277704387,0,0,0,0,197.48715839003177
328.9553443082584,0,1,0,0,378.8424706772157
56.88153159453729,1,0,0,0,78.51310845762941
222.35074820473133,0,0,0,0,232.4919332953941
12.245877594267412,2,1,0,0,75.31661818576839
136.5884736611054,1,1,0,1,198.22026011966167
152.91999859984517,1,2,0,0,234.75466663048698
164.5073497276096,0,0,0,0,173.09682203104558
281.23221060904626,0,1,2,0,370.7707002626256
161.53765949543484,0,1,0,0,204.4401095548923
184.99051282278697,0,2,1,0,263.27470856763875
102.64221104098772,0,0,0,0,111.01604991583775
155.56819873544262,1,1,0,0,226.82500814261036
98.63515463262908,2,0,0,0,155.85794182299
38.54641026969302,2,0,0,0,91.8005380718857
245.3449514187374,1,0,1,0,309.008834229344
270.60299143645636,0,0,0,0,300.8178477095719
251.60123494374966,2,0,0,0,329.5693391161144
190.7626770822232,2,1,1,0,289.30373640759575
158.11645426989963,0,0,0,1,178.22672762993744
346.70012333301185,1,1,0,0,428.3375400205023
212.44189620312505,0,0,0,0,237.47668852908447
196.8809322755951,1,0,1,0,251.63238984752078
20.00040566450992,2,0,0,0,59.12111980385592
143.08665277420099,0,0,0,1,164.43600153106237
158.27629132648426,2,0,0,0,227.65325147404425
165.5408845497912,1,0,2,0,250.03339064385773
236.2672239986596,2,0,0,0,298.16239884526703
218.1049932234826,0,0,0,0,234.52014985751828
247.0829861894434,1,0,0,0,291.42984735082615
308.30447200143004,0,0,2,0,377.1785939897393
327.06443809927646,0,0,1,0,371.51803683190525
290.06799972833284,0,2,2,0,379.17920541047584
382.65424142242455,2,1,0,0,491.91055290601946
17.110707243781036,1,1,0,0,60.42911792379719
86.35341441658298,2,0,0,0,134.40862663122687
12.949521241475427,2,1,1,0,91.98456398703671
262.5151385202952,0,1,0,0,320.2524867484303
360.2319140904949,0,1,0,0,416.05394369009923
104.95809566475671,0,0,1,0,130.3618211688095
371.5434724705596,0,1,0,0,423.32100189956867
33.50428221292873,0,1,0,0,58.887316787418094
374.4300504541506,0,0,0,0,410.7110335180024
147.13284802345743,0,1,0,1,192.845912105794
49.55412309519444,0,0,1,0,69.97780409879776
199.489986082667,0,0,0,0,224.57582606935384
110.1428614109981,0,0,0,0,120.34068358000376
121.1004317651499,2,1,0,1,204.28605124119696
129.84308632125175,1,0,0,0,161.7476201323404
323.18010015473874,2,0,0,1,396.72795971179727
220.27289790334925,0,0,0,1,266.5122437319929
131.41000267084144,0,0,0,0,150.25840328563032
248.03017549125815,1,0,0,1,298.93780930215684
289.2987629470455,0,1,0,0,333.34389169250915
116.32336028607817,0,1,0,0,141.8031994275247
171.28414959488708,0,0,1,0,214.19581361268794
57.53557640140954,0,0,1,0,66.4070660328248
80.64824631852532,0,0,1,0,103.89571354530514
275.6359630463433,0,1,0,0,319.8255551282194
80.76095560129451,1,0,0,0,119.71756970163055
214.81371963015346,0,0,0,0,233.51016577473348
286.52804207174876,0,0,0,0,298.5103748832097
51.6820000069501,1,1,0,0,99.37142096680604
231.25176565527238,0,1,0,0,264.4973556985687
110.05948564353187,0,1,2,0,170.70152980175996
385.54148134265614,2,1,0,0,502.06412321142386
198.58280222077065,0,0,0,0,202.72038228698247
324.33709441231167,0,0,1,0,362.42050293023163
224.5883514409421,0,0,0,0,240.58393066894155
26.930887813379474,0,0,1,0,41.32610157856283
256.92903648166873,1,0,1,1,336.2072269292078
381.04730346059625,1,0,2,0,469.29961207106845
244.62860985706916,0,0,0,1,280.19399619529355
329.48365517644817,1,2,0,0,419.43053038808927
354.84052070587904,1,1,0,0,433.9381446243024
98.95111106008366,0,1,0,0,134.16904765802207
92.69748756420839,1,1,0,0,140.2661354903306
248.28258565188676,0,0,0,0,277.1045947605104
170.30110322461485,0,1,0,0,206.2020038494004
337.5459081180209,0,0,0,0,376.5955816889717
361.0090181252244,0,1,1,0,427.21666057235626
147.83433792806005,0,0,1,0,179.3237804355441
102.37951800004801,1,2,0,0,176.36189705571502
314.4049509451061,0,0,0,0,342.21752111651836
117.17435386377308,0,0,1,0,144.8980112771943
330.81958422033455,0,2,0,0,405.18855163052785
175.2579189230175,1,0,1,0,221.19393771153617
270.3444607236735,1,1,2,0,381.3902987509141
47.25877239552059,1,1,0,1,91.67772010707861
253.30513662386346,1,1,1,0,330.8543794390308
186.18939470751937,2,2,0,0,292.36155075117466
238.7773006384349,0,2,0,0,303.78317572188934
75.52554102049673,1,0,0,0,120.00087951701838
297.380760528231,1,1,0,0,354.5490432159057
346.49086024185914,2,1,1,0,458.9284763276377
94.5285220354025,2,1,0,0,156.10735613622677
47.328676652863074,0,0,0,0,51.884259412587156
19.219048558071194,0,1,0,0,43.13970346662337
260.3688851728738,0,2,1,0,351.76514976232323
246.7666740746245,1,2,2,0,365.1650861685562
223.21199095848732,0,0,1,0,266.8561911720706
100.45936748523042,0,0,0,0,114.26273390892746
162.45333840315072,1,0,0,0,198.73983813648672
241.84577072260748,0,1,0,0,272.56006390487187
203.73907495507606,2,1,0,0,294.46082742823563
395.23635288380603,0,0,0,1,429.23011428153455
63.21150349712592,0,0,0,0,79.3196603964036
281.1063760785616,0,0,0,0,305.3650043603181
167.68431956067394,1,0,1,0,232.48976790373564
176.99784982098976,0,2,0,0,229.24684796802055
289.86312860668875,0,1,0,0,338.36512840759565
280.05009901650413,2,0,0,0,357.18398978577295
396.58983754385343,0,0,1,0,447.28310619466185
60.07377288710884,1,0,1,0,102.07374886058237
50.60276325982487,1,2,1,0,138.34266261302764
292.49213868020905,0,0,0,0,311.6730269978169
235.57089763249954,1,0,2,0,302.31095114923613
116.92265995832429,0,0,0,0,137.49460782842294
40.973553905704776,1,1,0,0,95.51576635372383
43.40671734260791,0,1,2,0,97.87991542439019
358.73444111900614,1,1,0,0,449.66780209926605
84.82825664030973,0,0,0,0,90.39779218508458
136.1149092250531,1,0,0,0,184.07061764178798
98.39599686852533,0,0,0,0,108.7456801723433
148.44855927445556,0,1,2,0,203.7458768442495
37.07529867097641,0,0,0,0,55.2301019025047
212.43331845422546,0,0,0,0,239.6711250866932
36.36889980096382,1,1,0,0,83.70699517115675
322.139038050721,0,1,0,0,377.24177522251273
101.14771194506888,2,0,0,0,157.11333101354643
220.60464669575913,2,0,0,0,297.2928068576681
353.23084414896874,1,0,0,0,391.2141105493306
263.8421739284057,0,1,0,0,299.66941543415857
217.85353675502077,0,1,2,1,305.4924816870456
136.49016371499647,1,0,0,0,171.90111611060843
139.8707460926972,0,0,0,1,164.2466068238705
271.0999125272941,0,1,0,1,314.971073823761
397.7143508762553,1,1,0,0,493.65313692153177
268.1172840412577,1,0,1,1,352.01581974020434
227.5355327743097,1,0,2,0,301.61509946133526
294.953698993306,0,0,0,0,318.53010477415444
191.43018879065008,1,0,1,0,257.0697681175213
33.455513614306234,0,2,0,0,92.35668754423095
229.29575819238482,0,1,0,0,277.7709091654561
383.4738609570983,2,1,0,0,505.70954238328005
78.36814751948727,0,0,0,0,78.11371393421803
279.10190742005966,0,1,0,0,317.9197134506202
88.36413857703202,0,0,1,0,101.88571313960814
218.97279694450168,2,0,0,1,302.41350004574315
47.70381536222065,1,0,2,0,108.44535424813022
185.6446651406922,1,0,1,0,241.30584389297925
304.903698269146,1,1,0,0,384.09628531860017
145.552894453203,0,0,0,0,168.64360460884788
269.315572550015,0,0,0,0,281.5935071439035
320.2254847079944,0,0,2,0,374.5611161855122
371.59934959698654,0,0,0,0,411.9422574042425
101.51041192362688,0,0,0,0,106.99672171854247
165.73320716563018,2,0,0,1,234.4142137516404
69.44224519886279,0,1,0,0,103.90347600178076
397.0685658417663,0,0,0,0,422.849707633226
371.5303774904752,0,0,0,0,402.8932278909168
220.58328080941823,0,0,0,0,243.26545854398566
338.3929848068043,2,1,0,0,434.5654241143237
213.17361113609644,0,0,0,0,238.81827557839242
253.19841832107628,0,0,0,0,271.6654405486861
44.75852852524648,1,0,0,0,85.09644161147261
304.5554639937551,0,0,0,0,331.2363539768575
59.80825861774158,0,0,0,0,70.61553413117909
332.16637579848606,0,1,0,0,388.3315106767564
314.9909541914505,1,1,0,0,383.6061754596298
286.4104321197608,2,0,0,0,346.019851741401
24.102548404657224,1,1,0,0,74.17973520602766
128.22005881867815,0,1,0,0,160.4547345791933
112.61390226522872,1,0,0,0,152.29813796448687
150.45319891389244,0,0,1,0,177.31854267245632
44.18067123789703,0,0,1,0,59.753674305481944
375.4135509821145,0,0,1,0,440.6098397047058
225.98287387782673,0,1,1,1,279.7479390109975
129.15448115662917,1,1,0,0,191.76740145232756
164.82279165897054,1,2,0,0,240.20986694431892
184.40899079688592,2,1,0,0,268.48721556377035
244.23179001064074,1,0,0,0,288.89785735101634
211.11497680163413,1,0,0,0,248.87977322659447
368.56286955362276,0,1,1,0,441.6383786494784
203.8157583332738,0,0,0,0,233.46961240389834
396.94162578109194,1,1,0,0,481.78733741480085
342.05573352058735,0,1,0,0,393.97876526488295
91.31910059936097,1,1,0,0,136.72931302469073
372.93213371112734,0,1,0,0,430.96965708418907
55.382895175335676,0,0,1,0,92.6685008814733
328.80538631156475,0,1,0,0,375.6512280768008
158.44308445586623,0,1,1,0,204.83913258976642
352.4099849735771,0,0,0,0,379.9585432869634
348.54210914190566,1,1,1,0,436.3124415515781
324.31090604587223,0,0,0,0,331.831319257027
318.11187015975395,1,2,0,0,415.27141417021363
128.8248642482359,0,0,0,0,133.7717981326932
41.558520389988345,0,0,1,1,57.454462747834704
167.16226971841297,0,0,2,0,218.38435929067452
77.67456084473838,1,1,0,0,121.07974227756092
281.03092467196007,0,0,0,0,303.8698381201591
144.97889334973635,1,0,2,0,224.89033187467555
390.4879783353668,0,0,0,0,414.7131590725677
259.97911016467947,1,2,0,0,336.3527888483228
330.76741981740076,0,0,0,0,362.991634771845
61.684622369320884,1,0,0,0,101.48821422406938
346.1856480863228,1,1,1,0,425.0623368977691
369.8753043002238,2,0,1,0,471.7618498585779
199.954148339385,0,2,0,0,262.7797945081136
246.4386457228812,0,0,0,0,252.36887510087732
308.27582235216823,0,1,1,0,377.688907814714
78.1870646315609,1,0,0,1,127.30782663680387
206.00076982074253,1,0,1,0,262.23382794567095
165.47858083120212,1,1,0,0,235.54085907787731
67.08585694327715,0,0,0,0,82.27621580544655
153.33842469369725,0,1,2,0,218.10322488977098
36.58720066034249,0,0,0,0,36.301746688683245
20.066643710299925,2,0,0,0,64.10826090693625
62.71485277038088,1,0,0,0,93.11569494730416
385.6148935197778,2,2,0,0,515.2288642883002
224.31651899905663,0,0,0,0,242.11551492882757
386.6706428497558,1,0,2,0,459.24251143036463
178.67417254875147,1,0,1,0,245.0669903007051
131.60829190325123,0,0,0,0,145.09446785103322
207.3953265076952,1,0,0,0,248.21245112588917
181.40955856683496,2,2,0,0,294.7586037257517
51.20922686208013,2,0,0,0,118.06171989413127
259.92226272918043,1,1,0,0,306.13626678502095
94.25489117874385,0,0,1,0,121.29762684891531
251.63930241015353,0,1,0,0,283.10240894277564
263.5784260352798,2,2,1,0,396.5329851837877
69.28969272017275,0,0,0,0,76.61217331373054
33.92635457316058,1,2,0,1,117.09638083679049
314.4970185666915,1,0,0,0,364.0936757022517
189.32216527003487,1,2,0,0,256.5473503091212
32.68388024713556,2,1,0,0,102.0521965577309
397.9978636962092,0,0,2,0,467.43426874971016
32.53441878858299,0,0,0,0,43.6152318533105
281.06373925483575,0,0,2,0,327.2403378742224
393.6347808527313,0,0,0,0,437.6362443452365
103.28024064421099,0,0,2,0,137.48637511287617
65.47725378800651,0,0,0,0,74.32933045785423
57.34012637474727,1,0,2,0,113.47371351316286
128.27730755136227,2,1,0,0,211.39624598681928
49.40786629415221,0,0,1,0,76.0345115792737
279.94292326071144,0,0,2,0,325.5761673024678
34.29380127072445,2,1,0,1,111.97217239408839
208.67462997841798,0,0,0,0,229.1247515842836
398.71177300266095,0,0,0,0,454.1709671093275
327.44840510734736,0,0,2,0,380.3109242379534
249.93558091009425,1,2,0,0,353.97806844444176
129.43891210677856,0,1,0,0,177.24147236406887
253.319376153739,2,0,0,0,325.56992114392074
215.54617092554415,0,1,0,0,252.7560571637217
176.17251971724488,1,0,1,0,226.65168173858598
60.977046928677794,0,1,0,0,85.97479458862351
355.77564394378203,0,1,0,0,396.8651288418312
185.4160130403158,1,1,2,0,276.66210208723425
85.90277961009838,1,0,0,0,130.68716540182325
153.42614684214294,1,0,0,0,187.48529787343313
171.51060348628155,1,0,0,0,210.17668209857655
332.739779271081,2,1,0,0,419.3797263197686
296.1096084189468,1,0,0,0,351.02116043480845
310.0289085201225,1,1,1,1,410.32920822883557
14.302193127172414,0,2,0,0,56.11201138049608
172.300059290107,0,0,0,0,186.22908464197593
197.7242191377762,0,1,0,0,233.35708480012167
17.484987960992108,1,1,0,0,68.08973419068768
111.32715141056335,0,2,1,0,176.21726872608738
306.51303101763267,0,2,0,0,376.89762699167824
63.47278523430963,2,1,0,1,150.9629009770651
218.77095126651074,2,0,0,0,297.64663786023243
93.92873008672262,2,1,0,0,177.8836583281524
14.727102111118377,0,0,0,0,17.608824320967027
104.06856846382118,1,1,0,0,170.6767236602951
390.59076441492095,0,2,0,0,469.4611639578208
322.59947363436595,0,0,1,0,377.36640002054077
384.23489128520305,0,1,0,0,444.0208768145873
200.26307713128136,0,0,1,1,228.73345878449098
52.79711748422637,0,0,1,0,83.0355335438925
223.70420069974026,1,0,0,0,270.1223561486398
187.20716047838474,0,1,0,1,233.81035508194077
339.2992622684502,1,2,0,0,437.3954365273168
48.25220650585539,1,2,0,1,124.87890543800388
200.41404343849348,0,0,1,1,245.44973281601352
68.51897923065385,0,1,0,1,100.01296881178673
136.62361148712338,0,1,0,0,179.2381178740096
297.5692601812419,1,0,0,0,348.7123061978409
195.64707045381894,0,0,0,0,210.372497026023
156.59643120685004,0,0,0,1,173.4330638817186
163.84574864231377,0,2,1,0,235.89102301389505
189.1842396783348,1,1,0,0,252.8796637228205
316.1564520964522,2,1,1,0,433.0053446510043
357.9130286866914,0,0,0,0,382.2325616490769
382.580527736532,1,1,0,0,449.5511261220878
316.89232063956507,1,0,0,0,375.7054438450325
133.00868934172496,2,0,0,0,206.97752326780292
278.3725353737514,1,1,0,0,340.4683005195188
180.66521838160284,1,0,1,1,259.80485941206035
109.32154259795996,1,1,1,0,181.53115312221098
337.93991597610983,2,0,0,0,418.60522328298595
24.98627609530675,0,1,0,0,44.07736616796841
361.6871769328152,0,0,0,0,383.491685225853
189.97621120364633,0,0,1,0,230.1486039859201
258.5085759552294,1,0,0,1,310.80450469602215
267.14802966025525,1,0,2,0,340.1957607689231
359.0959188755492,0,2,0,0,439.6764128887857
258.30117604521087,1,0,0,0,291.71923356685625
249.4340980564241,0,1,2,0,309.9211426671173
35.99429581866909,0,2,0,0,79.12143058139254
212.1791285586296,2,0,0,0,283.8144156778165
68.56591031864625,0,0,0,0,78.67705207682002
297.5991698013794,0,1,0,0,342.2392518361529
209.76654911694305,1,2,0,0,314.07919274943504
275.2888338912578,1,2,0,0,363.4919510476092
26.252431234929865,0,0,1,0,41.79272667582899
43.068886257863255,1,1,0,0,85.60834620352163
289.36612134444607,1,0,2,1,381.66338690792793
38.11289103948261,0,2,0,0,86.4973891721734
37.79012382845085,0,2,0,0,90.85421406730498
14.722305341606106,1,0,0,1,39.14642262077583
383.03554533679727,0,0,0,0,415.8889958423878
297.62826018901274,2,0,0,0,378.25900363812343
147.76804931580503,1,0,2,0,220.89796862127088
125.64887670218553,2,1,0,0,207.123891119366
146.38425960088134,0,0,0,0,164.03131132085463
312.1148771606609,2,0,0,0,384.0172457591328
267.9345383174616,0,0,1,0,319.7554670775959
82.22627146831249,0,2,1,0,152.64241188017633
77.9026407802929,0,1,0,1,104.22527673652542
48.37430338822495,0,0,0,0,44.171142947674994
267.51806068352187,1,0,0,0,308.46251038116867
308.105338266477,0,2,0,0,381.5386742396926
113.36810704675158,0,1,0,0,133.3964764651165
18.168534802055994,1,0,0,0,42.17202511039644
42.04695031580666,0,0,0,1,59.50703551585055
387.4654135895619,1,0,0,0,447.1602146213324
125.2234632161939,0,0,0,0,138.67851454336773
309.9970276568721,1,0,2,0,384.6521539348886
253.61879185316286,1,2,2,0,376.4338806451738
158.9564594646294,0,0,0,0,168.50135154887866
90.2180322562665,0,1,0,0,115.82271415710719
57.34070308216851,0,0,0,0,64.45534809470445
249.85505753515798,1,1,0,0,318.39377944696463
312.10717444873734,0,1,1,0,375.67239409620186
261.12265888104093,0,0,0,0,278.85606783986697
216.81783196717174,0,0,1,0,249.13214867459382
26.360977138338143,0,1,2,0,78.77489833215608
387.7106232618097,0,0,0,0,411.95636169300116
321.4985347452841,1,0,0,0,372.02541053707563
124.20059431337624,0,0,0,0,138.59299646503686
392.18842844995174,0,2,0,0,457.62242911463915
244.7338199581656,1,0,0,1,311.2350022580255
237.14483670082612,1,1,0,0,313.86036431988174
301.7485399775175,0,0,1,1,344.2190208223384
326.59021735515364,0,1,0,0,387.1411941791142
266.02665685928605,0,0,0,0,289.06224568225133
59.95734108281801,2,1,0,1,148.7561249272397
141.92432733785438,0,0,0,0,150.853330496997
371.9526197271594,2,1,0,0,483.15085286562436
97.60008861910225,1,1,1,0,169.7215760989009
155.1451392966302,1,0,0,1,197.7360168162703
178.50998434823643,0,0,0,1,195.41654874380836
181.36794598083634,0,0,0,0,186.1735215883295
249.04643717286496,0,0,0,0,273.19055658186016
377.79957672043594,0,1,1,0,451.72476408016803
103.87015761467693,1,0,0,0,143.52062464624674
57.38553675735805,2,0,1,0,126.65855497844066
87.01349104537556,1,1,0,0,130.66783676782208
355.9007110816151,1,0,0,0,407.79872279575346
261.86621693553036,0,0,0,0,294.89102576863763
121.50364780327246,0,0,0,0,128.67240545040565
328.2193061977607,0,2,0,1,409.2047659884635
345.93429858174005,1,1,1,0,428.77766731148097
340.14059208920844,2,1,0,0,443.7551284609906
368.38134811942626,1,0,0,1,433.209085091396
108.37399786761102,0,1,0,0,146.5998812021454
304.46635221104856,0,0,0,0,338.3335731526166
189.6104039369146,1,0,0,0,227.88206581312582
338.379435627124,0,0,0,0,368.12789028353575
294.1113640930291,1,0,0,0,341.43983090843403
312.8145041348926,1,0,0,0,354.8967207566137
265.9031166956179,1,0,0,0,308.2165878679326
79.19722009318568,0,0,0,1,97.98270599615095
222.56049836980594,0,0,0,0,245.39534693471586
394.02119841455817,0,1,0,0,451.0296905900773
375.5813459338764,0,0,2,0,437.31124022346876
26.83775696083455,0,1,0,0,56.742085893951035
74.27777813448049,1,0,0,0,106.53863865592076
61.37422164727914,1,1,0,1,127.57972696725392
293.13216489426526,0,0,0,0,305.5903424633965
328.9362786442086,0,0,1,0,342.46037468982627
93.26943286116204,0,0,0,0,104.01877643488142
207.2825502512133,0,1,2,0,264.72829322609715
337.874180924368,1,1,1,0,426.8904019321515
295.79260245883773,0,0,0,0,320.266062717808
221.47251014182083,0,0,0,0,254.3055795194925
240.23559927892143,0,1,0,0,285.2751716369177
208.26061329734918,2,1,0,0,298.5202685387703
126.04389601434002,1,0,0,0,169.19836125271303
230.35857721501628,0,0,0,0,254.24824674745733
278.66526779953534,1,0,0,0,325.337058019222
350.595937185715,1,1,0,0,436.0401025537256
258.1536280519067,2,0,0,0,322.74413866988294
306.8373994468316,0,2,1,1,402.3176859877211
72.42793763228346,2,0,0,0,116.63173724576419
190.00741502371807,2,0,1,0,273.9123672496386
13.639331732566387,2,0,0,1,76.42318811516495
106.20475716343297,1,2,0,0,194.2713747826987
293.3200688940719,1,1,0,0,352.4657385550896
396.80588102625177,0,0,0,0,428.0720455308987
48.6794588390142,1,1,0,0,104.68632360060865
166.58278318590243,1,0,0,0,209.40921061761745
322.0276777926722,1,0,1,0,392.7453616390697
89.57389750527055,0,0,0,0,90.06789347299046
226.48313022789165,1,0,0,0,267.3459589184231
295.89780545157316,1,0,1,0,372.75793401295675
250.23432560146983,0,2,1,0,327.57082710611746
83.32964650001229,1,0,0,0,118.9079464782601
148.59998178743837,1,2,0,0,226.18756441063002
315.6787959493049,1,0,1,0,374.9121841863345
226.14834051148648,0,1,0,0,274.17776396658525
12.039549281735967,0,0,0,0,17.15991283815375
306.7863964109566,2,0,0,0,403.12116351089014
23.771428426693237,0,0,1,0,32.807816337370085
300.83617526518054,1,0,0,1,369.7655018407099
88.96741846444259,0,1,2,0,136.56301386927774
383.6486572465583,1,0,0,0,444.78458044672095
153.49689300781296,0,1,1,0,210.26320872102855
137.50333037185084,1,0,0,0,158.42655220415628
68.06633962965343,0,0,0,0,72.61472889296179
129.18564404118382,0,0,1,0,151.42411562713232
351.89379711299824,0,2,0,1,428.268483918728
398.5703916746265,0,1,0,0,457.8857648631219
153.64071689767084,2,0,0,0,226.57354044883988
184.9581460722716,2,0,0,0,250.7062932660994
291.60766589906746,0,0,0,1,329.7613451285537
355.61635438137904,1,2,0,0,453.85958389506925
241.28729033284583,0,1,0,0,283.23692659577404
162.69502228935343,1,0,0,0,193.77073775941597
170.92251793096327,1,0,0,0,220.32848546574309
281.2910771337547,2,0,0,0,359.22455618209403
11.255122805668686,0,2,1,1,80.43736770802282
251.63984160933788,1,0,0,0,293.0641138143457
148.6422740721294,0,1,0,0,178.4814448947727
319.73695919806283,2,0,2,0,427.39488190710955
46.26634953102154,0,1,0,0,58.199383758978136
239.39888410987228,1,1,1,0,307.65814442737013
197.57942705558827,1,1,1,1,280.7352097064423
260.50695510303865,1,1,1,0,348.3695716984904
35.29290184835766,0,1,0,1,63.2762483514961
236.1936770969712,2,0,1,0,314.5153879796065
228.97898930421425,0,0,1,0,258.2777758332415
228.65743682230666,1,0,0,0,270.801737148263
245.36018997261738,0,2,0,0,304.83479008574903
273.82249551828124,0,0,0,0,316.03962127395926
323.9457098755002,1,1,0,0,406.8322848920806
115.23008085000359,0,1,0,0,153.90373564371228
331.76926997022423,0,0,0,0,371.2787556089771
204.3197160827469,0,0,0,1,224.90366877196058
40.05272886238916,0,0,0,0,33.91496911179935
32.83486240515189,1,0,0,1,61.964887564256884
140.3529442914637,2,0,0,0,213.78835193011764
316.10982107347235,0,0,2,0,370.4695432236372
285.99556454895713,0,1,0,0,321.9843118682208
317.5598362222385,0,2,0,0,382.9809426406835
211.73493201222766,0,0,0,0,229.07471794144044
181.67760920264132,1,0,0,0,225.34106168334705
67.50648541545074,1,0,1,0,115.65104680073351
137.9951739076315,0,1,2,0,193.9147452064281
179.26755280781134,0,1,0,0,221.0498542031766
44.55416757505072,0,0,2,0,73.49099817550861
96.0386615573724,1,0,0,0,128.5192382780386
243.30786468485815,2,1,0,0,340.92095403841756
296.90861455328405,0,1,0,0,338.765735553846
399.35552944325036,0,0,1,0,446.1057661858058
373.9141992239875,2,1,0,0,482.639743550986
260.6004278187247,2,0,0,0,327.429510389405
174.28674078468808,0,0,1,0,202.0526537580999
258.1091722362107,0,1,0,0,306.01957986384576
316.40413105129045,0,1,0,0,381.60088249653194
56.15111446012106,1,0,1,0,106.09899726732495
169.8629069815524,0,2,0,0,229.0861075383409
337.5228913978907,0,0,0,0,372.4532032852626
159.69485125388715,1,1,0,0,210.62704281170414
233.03018577860274,0,0,0,0,255.13952203155134
239.2300507362573,1,1,0,0,305.74010526013495
81.94573872211934,0,2,0,0,131.9680276562032
151.27182224439247,0,0,0,0,165.95587050459875
140.45940260935353,1,2,0,0,221.26603662954074
20.216716327505267,0,1,1,0,54.56286207081213
19.434787917628547,2,1,2,0,121.67045815820549
334.36184703355167,1,0,0,1,389.93575005360043
116.49761588939684,0,1,0,1,154.52905001895505
212.050718833138,1,1,2,0,317.45472529429094
126.50297369962149,0,0,0,0,140.55371075297674
376.8649055949828,2,2,0,0,500.95798325909846
111.12573595765176,0,0,2,0,166.39706180020033
177.56615696818469,1,0,1,0,222.82185504797468
350.3647976889947,0,0,1,1,398.340498489879
338.35409104880534,0,0,1,0,397.8152451616342
82.57955296004815,1,1,0,0,135.45447253571675
323.03089082032704,1,0,0,0,375.4566711500384
188.69288582777813,0,2,0,0,236.25314993862918
198.35786011328852,0,0,0,1,229.97196298202033
62.05718924221807,1,0,0,1,107.05443085682123
41.434590365278616,2,0,1,0,101.44541642089749
293.8963297197684,0,0,1,0,334.49197319170753
203.6198494185669,0,2,0,0,259.44661816399025
180.37177401992003,0,1,1,0,233.81702519308112
294.50820917443474,2,1,1,0,397.3276807979819
308.5500306065328,0,0,0,0,346.6156130250501
71.97418539104788,0,0,0,0,85.84388340665124
247.9878082962801,1,0,0,0,292.62675003517035
62.788092088297354,0,0,0,0,66.76475076685378
303.0362835513278,0,0,0,0,329.49365939922757
266.21251094418443,0,1,0,1,314.1871798786946
383.07970222254863,0,0,0,1,424.3576943514455
36.89362637900426,0,1,0,1,68.08542947206232
32.251341248989185,1,0,2,0,103.08622832819067
120.05295913034806,0,0,0,0,138.53981097247774
